<metadata xml:lang="es"><Esri><CreaDate>20140505</CreaDate><CreaTime>20134000</CreaTime><ArcGISFormat>1.0</ArcGISFormat><SyncOnce>FALSE</SyncOnce><DataProperties><lineage><Process ToolSource="C:\Program Files (x86)\ArcGIS\Desktop10.0\ArcToolbox\Toolboxes\Data Management Tools.tbx\CalculateField" Date="20140307" Time="144822" Name="" export="">CalculateField estaciones_ Name "Buenavista" VB #</Process><Process ToolSource="C:\Program Files (x86)\ArcGIS\Desktop10.0\ArcToolbox\Toolboxes\Data Management Tools.tbx\CalculateField" Date="20140307" Time="144835" Name="" export="">CalculateField estaciones_ Name "Cuautitlán" VB #</Process><Process ToolSource="C:\Program Files (x86)\ArcGIS\Desktop10.0\ArcToolbox\Toolboxes\Data Management Tools.tbx\CalculateField" Date="20140307" Time="144845" Name="" export="">CalculateField estaciones_ Name "Lechería" VB #</Process><Process ToolSource="C:\Program Files (x86)\ArcGIS\Desktop10.0\ArcToolbox\Toolboxes\Data Management Tools.tbx\CalculateField" Date="20140307" Time="144918" Name="" export="">CalculateField estaciones_ Name "Tutltitlán" VB #</Process><Process ToolSource="C:\Program Files (x86)\ArcGIS\Desktop10.0\ArcToolbox\Toolboxes\Data Management Tools.tbx\CalculateField" Date="20140307" Time="144931" Name="" export="">CalculateField estaciones_ Name "Tultitlán" VB #</Process><Process ToolSource="C:\Program Files (x86)\ArcGIS\Desktop10.0\ArcToolbox\Toolboxes\Data Management Tools.tbx\CalculateField" Date="20140307" Time="144943" Name="" export="">CalculateField estaciones_ Name "Lechería" VB #</Process><Process ToolSource="C:\Program Files (x86)\ArcGIS\Desktop10.0\ArcToolbox\Toolboxes\Data Management Tools.tbx\CalculateField" Date="20140307" Time="145021" Name="" export="">CalculateField estaciones_ Name "San Rafael" VB #</Process><Process ToolSource="C:\Program Files (x86)\ArcGIS\Desktop10.0\ArcToolbox\Toolboxes\Data Management Tools.tbx\CalculateField" Date="20140307" Time="145107" Name="" export="">CalculateField estaciones_ Name "Fortuna" VB #</Process><Process ToolSource="C:\Program Files (x86)\ArcGIS\Desktop10.0\ArcToolbox\Toolboxes\Data Management Tools.tbx\CalculateField" Date="20140307" Time="145119" Name="" export="">CalculateField estaciones_ Name "Tlalnepantla" VB #</Process><Process ToolSource="C:\Program Files (x86)\ArcGIS\Desktop10.0\ArcToolbox\Toolboxes\Data Management Tools.tbx\CalculateField" Date="20140307" Time="145147" Name="" export="">CalculateField estaciones_ RUTA "Cuautitlán - Buenavista" VB #</Process><Process ToolSource="C:\Program Files (x86)\ArcGIS\Desktop10.0\ArcToolbox\Toolboxes\Data Management Tools.tbx\Merge" Date="20140310" Time="104150" Name="" export="">Merge tren;ste;mxb;mb;stc "C:\Users\nely\Dropbox\Mapas DOT\masivo\puntos_.shp" "Name "Name" true true false 60 Text 0 0 ,First,#,tren,Name,-1,-1,ste,NAME,-1,-1,mxb,NAME,-1,-1,mb,Name,-1,-1,stc,Name,-1,-1;RUTA "RUTA" true true false 50 Text 0 0 ,First,#,tren,RUTA,-1,-1,ste,RUTA,-1,-1,mb,Ruta,-1,-1,stc,RUTA,-1,-1;ADICIONAL "ADICIONAL" true true false 50 Text 0 0 ,First,#,tren,ADICIONAL,-1,-1,ste,ADICIONAL,-1,-1,mxb,ADICIONAL,-1,-1,mb,ADICIONAL,-1,-1,stc,ADICIONAL,-1,-1;stop_id "stop_id" true true false 254 Text 0 0 ,First,#,ste,stop_id,-1,-1;AGENCIA "AGENCIA" true true false 50 Text 0 0 ,First,#,ste,AGENCIA,-1,-1;EXPRESS1 "EXPRESS1" true true false 10 Text 0 0 ,First,#,mxb,EXPRESS1,-1,-1;EXPRESS2 "EXPRESS2" true true false 10 Text 0 0 ,First,#,mxb,EXPRESS2,-1,-1;NOESTACION "NOESTACION" true true false 4 Short 0 4 ,First,#,mxb,NOESTACION,-1,-1;OID_1 "OID_1" true true false 9 Long 0 9 ,First,#,mxb,OID_1,-1,-1;X "X" true true false 19 Double 0 0 ,First,#,mxb,X,-1,-1;Y "Y" true true false 19 Double 0 0 ,First,#,mxb,Y,-1,-1;Ordinario "Ordinario" true true false 11 Text 0 0 ,First,#,mxb,Ordinario,-1,-1;TPO "TPO" true true false 50 Text 0 0 ,First,#,mxb,TPO,-1,-1;FolderPath "FolderPath" true true false 254 Text 0 0 ,First,#,mxb,FolderPath,-1,-1;TIPO "TIPO" true true false 50 Text 0 0 ,First,#,mxb,TIPO,-1,-1,mb,TIPO,-1,-1"</Process><Process ToolSource="C:\Program Files (x86)\ArcGIS\Desktop10.0\ArcToolbox\Toolboxes\Data Management Tools.tbx\CalculateField" Date="20140310" Time="104356" Name="" export="">CalculateField puntos_ AGENCIA "Tren Suburbano" VB #</Process><Process ToolSource="C:\Program Files (x86)\ArcGIS\Desktop10.0\ArcToolbox\Toolboxes\Data Management Tools.tbx\CalculateField" Date="20140310" Time="104527" Name="" export="">CalculateField puntos_ RUTA "Metrobús Línea 3" VB #</Process><Process ToolSource="C:\Program Files (x86)\ArcGIS\Desktop10.0\ArcToolbox\Toolboxes\Data Management Tools.tbx\CalculateField" Date="20140310" Time="104653" Name="" export="">CalculateField puntos_ RUTA "Pantitlán - Chimalhuacán" VB #</Process><Process ToolSource="C:\Program Files (x86)\ArcGIS\Desktop10.0\ArcToolbox\Toolboxes\Data Management Tools.tbx\CalculateField" Date="20140310" Time="104728" Name="" export="">CalculateField puntos_ Name "Voca 3" VB #</Process><Process ToolSource="C:\Program Files (x86)\ArcGIS\Desktop10.0\ArcToolbox\Toolboxes\Data Management Tools.tbx\CalculateField" Date="20140310" Time="104757" Name="" export="">CalculateField puntos_ Name "Ángel Urraza" VB #</Process><Process ToolSource="C:\Program Files (x86)\ArcGIS\Desktop10.0\ArcToolbox\Toolboxes\Data Management Tools.tbx\CalculateField" Date="20140310" Time="104824" Name="" export="">CalculateField puntos_ Name "Av. FFCC Hidalgo" VB #</Process><Process ToolSource="C:\Program Files (x86)\ArcGIS\Desktop10.0\ArcToolbox\Toolboxes\Data Management Tools.tbx\CalculateField" Date="20140310" Time="104844" Name="" export="">CalculateField puntos_ Name "Buenavista" VB #</Process><Process ToolSource="C:\Program Files (x86)\ArcGIS\Desktop10.0\ArcToolbox\Toolboxes\Data Management Tools.tbx\CalculateField" Date="20140310" Time="104908" Name="" export="">CalculateField puntos_ Name "Manuel González" VB #</Process><Process ToolSource="C:\Program Files (x86)\ArcGIS\Desktop10.0\ArcToolbox\Toolboxes\Data Management Tools.tbx\CalculateField" Date="20140310" Time="104938" Name="" export="">CalculateField puntos_ AGENCIA "Mexibús" VB #</Process><Process ToolSource="C:\Program Files (x86)\ArcGIS\Desktop10.0\ArcToolbox\Toolboxes\Data Management Tools.tbx\CalculateField" Date="20140310" Time="105007" Name="" export="">CalculateField puntos_ RUTA "Ojo de Agua - Ciudad Azteca" VB #</Process><Process ToolSource="C:\Program Files (x86)\ArcGIS\Desktop10.0\ArcToolbox\Toolboxes\Data Management Tools.tbx\CalculateField" Date="20140310" Time="105022" Name="" export="">CalculateField puntos_ Name "Ojo de Agua" VB #</Process><Process ToolSource="C:\Program Files (x86)\ArcGIS\Desktop10.0\ArcToolbox\Toolboxes\Data Management Tools.tbx\CalculateField" Date="20140310" Time="105250" Name="" export="">CalculateField puntos_ Dirección [RUTA] VB #</Process><Process ToolSource="C:\Program Files (x86)\ArcGIS\Desktop10.0\ArcToolbox\Toolboxes\Data Management Tools.tbx\CalculateField" Date="20140310" Time="105328" Name="" export="">CalculateField puntos_ RUTA "Mexibús Línea 1" VB #</Process><Process ToolSource="C:\Program Files (x86)\ArcGIS\Desktop10.0\ArcToolbox\Toolboxes\Data Management Tools.tbx\CalculateField" Date="20140310" Time="105341" Name="" export="">CalculateField puntos_ RUTA "Mexibús Línea 3" VB #</Process><Process ToolSource="C:\Program Files (x86)\ArcGIS\Desktop10.0\ArcToolbox\Toolboxes\Data Management Tools.tbx\CalculateField" Date="20140310" Time="105429" Name="" export="">CalculateField puntos_ AGENCIA "Metrobús" VB #</Process><Process ToolSource="C:\Program Files (x86)\ArcGIS\Desktop10.0\ArcToolbox\Toolboxes\Data Management Tools.tbx\CalculateField" Date="20140310" Time="105502" Name="" export="">CalculateField puntos_ Dirección "Río de los Remedios - San Lázaro" VB #</Process><Process ToolSource="C:\Program Files (x86)\ArcGIS\Desktop10.0\ArcToolbox\Toolboxes\Data Management Tools.tbx\CalculateField" Date="20140310" Time="105638" Name="" export="">CalculateField puntos_ Dirección "Buenavista - Aeropuerto" VB #</Process><Process ToolSource="C:\Program Files (x86)\ArcGIS\Desktop10.0\ArcToolbox\Toolboxes\Data Management Tools.tbx\CalculateField" Date="20140310" Time="105656" Name="" export="">CalculateField puntos_ RUTA "Metrobús Línea 4" VB #</Process><Process ToolSource="C:\Program Files (x86)\ArcGIS\Desktop10.0\ArcToolbox\Toolboxes\Data Management Tools.tbx\CalculateField" Date="20140310" Time="105936" Name="" export="">CalculateField puntos_ Dirección "Tenayuca - Etiopía" VB #</Process><Process ToolSource="C:\Program Files (x86)\ArcGIS\Desktop10.0\ArcToolbox\Toolboxes\Data Management Tools.tbx\CalculateField" Date="20140310" Time="110027" Name="" export="">CalculateField puntos_ Dirección "Indios Verdes - Caminero" VB #</Process><Process ToolSource="C:\Program Files (x86)\ArcGIS\Desktop10.0\ArcToolbox\Toolboxes\Data Management Tools.tbx\CalculateField" Date="20140310" Time="110047" Name="" export="">CalculateField puntos_ Dirección "Indios Verdes - Caminero" VB #</Process><Process ToolSource="C:\Program Files (x86)\ArcGIS\Desktop10.0\ArcToolbox\Toolboxes\Data Management Tools.tbx\CalculateField" Date="20140310" Time="110133" Name="" export="">CalculateField puntos_ Dirección "Tacubaya - Tepalcates" VB #</Process><Process ToolSource="C:\Program Files (x86)\ArcGIS\Desktop10.0\ArcToolbox\Toolboxes\Data Management Tools.tbx\CalculateField" Date="20140310" Time="110250" Name="" export="">CalculateField puntos_ AGENCIA "Sistema de Transporte Colectivo" VB #</Process><Process ToolSource="C:\Program Files (x86)\ArcGIS\Desktop10.0\ArcToolbox\Toolboxes\Data Management Tools.tbx\CalculateField" Date="20140310" Time="110315" Name="" export="">CalculateField puntos_ AGENCIA "Sistema de Transporte Colectivo" VB #</Process><Process ToolSource="C:\Program Files (x86)\ArcGIS\Desktop10.0\ArcToolbox\Toolboxes\Data Management Tools.tbx\CalculateField" Date="20140310" Time="110343" Name="" export="">CalculateField puntos_ RUTA "STC Línea B" VB #</Process><Process ToolSource="C:\Program Files (x86)\ArcGIS\Desktop10.0\ArcToolbox\Toolboxes\Data Management Tools.tbx\CalculateField" Date="20140310" Time="110403" Name="" export="">CalculateField puntos_ Dirección "Buenavista - Ciudad Azteca" VB #</Process><Process ToolSource="C:\Program Files (x86)\ArcGIS\Desktop10.0\ArcToolbox\Toolboxes\Data Management Tools.tbx\CalculateField" Date="20140310" Time="110437" Name="" export="">CalculateField puntos_ RUTA "STC Línea A" VB #</Process><Process ToolSource="C:\Program Files (x86)\ArcGIS\Desktop10.0\ArcToolbox\Toolboxes\Data Management Tools.tbx\CalculateField" Date="20140310" Time="110449" Name="" export="">CalculateField puntos_ RUTA "STC Línea 9" VB #</Process><Process ToolSource="C:\Program Files (x86)\ArcGIS\Desktop10.0\ArcToolbox\Toolboxes\Data Management Tools.tbx\CalculateField" Date="20140310" Time="110503" Name="" export="">CalculateField puntos_ RUTA "STC Línea 8" VB #</Process><Process ToolSource="C:\Program Files (x86)\ArcGIS\Desktop10.0\ArcToolbox\Toolboxes\Data Management Tools.tbx\CalculateField" Date="20140310" Time="110515" Name="" export="">CalculateField puntos_ RUTA "STC Línea 7" VB #</Process><Process ToolSource="C:\Program Files (x86)\ArcGIS\Desktop10.0\ArcToolbox\Toolboxes\Data Management Tools.tbx\CalculateField" Date="20140310" Time="110529" Name="" export="">CalculateField puntos_ RUTA "STC Línea 6" VB #</Process><Process ToolSource="C:\Program Files (x86)\ArcGIS\Desktop10.0\ArcToolbox\Toolboxes\Data Management Tools.tbx\CalculateField" Date="20140310" Time="110542" Name="" export="">CalculateField puntos_ RUTA "STC Línea 5" VB #</Process><Process ToolSource="C:\Program Files (x86)\ArcGIS\Desktop10.0\ArcToolbox\Toolboxes\Data Management Tools.tbx\CalculateField" Date="20140310" Time="110808" Name="" export="">CalculateField puntos_ RUTA "STC Línea 4" VB #</Process><Process ToolSource="C:\Program Files (x86)\ArcGIS\Desktop10.0\ArcToolbox\Toolboxes\Data Management Tools.tbx\CalculateField" Date="20140310" Time="110829" Name="" export="">CalculateField puntos_ RUTA "STC Línea 3" VB #</Process><Process ToolSource="C:\Program Files (x86)\ArcGIS\Desktop10.0\ArcToolbox\Toolboxes\Data Management Tools.tbx\CalculateField" Date="20140310" Time="110841" Name="" export="">CalculateField puntos_ RUTA "STC Línea 2" VB #</Process><Process ToolSource="C:\Program Files (x86)\ArcGIS\Desktop10.0\ArcToolbox\Toolboxes\Data Management Tools.tbx\CalculateField" Date="20140310" Time="110853" Name="" export="">CalculateField puntos_ RUTA "STC Línea 1" VB #</Process><Process ToolSource="C:\Program Files (x86)\ArcGIS\Desktop10.0\ArcToolbox\Toolboxes\Data Management Tools.tbx\CalculateField" Date="20140310" Time="110902" Name="" export="">CalculateField puntos_ RUTA "STC Línea 12" VB #</Process><Process ToolSource="c:\program files (x86)\arcgis\desktop10.1\ArcToolbox\Toolboxes\Analysis Tools.tbx\Buffer" Date="20140417" Time="140804" Name="" export="">Buffer puntos_ "C:\Users\NelishhPC\Dropbox\Mapas DOT\masivo\buffer2000.shp" "2000 Meters" FULL ROUND NONE #</Process><Process ToolSource="c:\program files (x86)\arcgis\desktop10.1\ArcToolbox\Toolboxes\Data Management Tools.tbx\CalculateField" Date="20140418" Time="013443" Name="" export="">CalculateField buffer2000 densidad "[pob1] / [SUP]" VB #</Process><Process ToolSource="c:\program files (x86)\arcgis\desktop10.1\ArcToolbox\Toolboxes\Data Management Tools.tbx\CalculateField" Date="20140420" Time="223445" Name="" export="">CalculateField buffer2000 clave [FID] VB #</Process><Process ToolSource="c:\program files (x86)\arcgis\desktop10.1\ArcToolbox\Toolboxes\Data Management Tools.tbx\CalculateField" Date="20140420" Time="223514" Name="" export="">CalculateField buffer2000 clave [FID] VB #</Process><Process ToolSource="c:\program files (x86)\arcgis\desktop10.1\ArcToolbox\Toolboxes\Data Management Tools.tbx\CalculateField" Date="20140420" Time="223611" Name="" export="">CalculateField buffer2000 clave [clave] VB #</Process><Process ToolSource="c:\program files (x86)\arcgis\desktop10.1\ArcToolbox\Toolboxes\Data Management Tools.tbx\CalculateField" Date="20140420" Time="223759" Name="" export="">CalculateField buffer2000 clave [FID] VB #</Process><Process ToolSource="c:\program files (x86)\arcgis\desktop10.1\ArcToolbox\Toolboxes\Data Management Tools.tbx\CalculateField" Date="20140420" Time="235007" Name="" export="">CalculateField buffer2000 clave [FID] VB #</Process><Process ToolSource="c:\program files (x86)\arcgis\desktop10.1\ArcToolbox\Toolboxes\Data Management Tools.tbx\CalculateField" Date="20140423" Time="145523" Name="" export="">CalculateField buffer2000 ID_Circulo [clave] VB #</Process><Process ToolSource="C:\Program Files (x86)\ArcGIS\Desktop10.0\ArcToolbox\Toolboxes\Data Management Tools.tbx\CalculateField" Date="20140430" Time="155659" Name="" export="">CalculateField act_2000 disc_r [disc1_r] VB #</Process><Process ToolSource="C:\Program Files (x86)\ArcGIS\Desktop10.0\ArcToolbox\Toolboxes\Data Management Tools.tbx\DeleteField" Date="20140430" Time="155720" Name="" export="">DeleteField act_2000 disc1_r</Process><Process ToolSource="C:\Program Files (x86)\ArcGIS\Desktop10.0\ArcToolbox\Toolboxes\Data Management Tools.tbx\Merge" Date="20140430" Time="160210" Name="" export="">Merge act_2000;buffer2000 C:\Users\ssocialtp\Desktop\santiago\mrge.shp "Name "Name" true true false 60 Text 0 0 ,First,#,act_2000,Name,-1,-1;RUTA "RUTA" true true false 50 Text 0 0 ,First,#,act_2000,RUTA,-1,-1;ADICIONAL "ADICIONAL" true true false 50 Text 0 0 ,First,#,act_2000,ADICIONAL,-1,-1;AGENCIA "AGENCIA" true true false 50 Text 0 0 ,First,#,act_2000,AGENCIA,-1,-1;Dirección "Dirección" true true false 50 Text 0 0 ,First,#,act_2000,Dirección,-1,-1;viv_r "viv_r" true true false 9 Long 0 9 ,First,#,act_2000,viv_r,-1,-1;eco4_r "eco4_r" true true false 9 Long 0 9 ,First,#,act_2000,eco4_r,-1,-1,buffer2000,eco4_r,-1,-1;pob1 "pob1" true true false 9 Long 0 9 ,First,#,act_2000,pob1,-1,-1,buffer2000,pob1,-1,-1;eco25_r "eco25_r" true true false 9 Long 0 9 ,First,#,act_2000,eco25_r,-1,-1,buffer2000,eco25_r,-1,-1;viv28_R "viv28_R" true true false 9 Long 0 9 ,First,#,act_2000,viv28_R,-1,-1,buffer2000,viv28_r,-1,-1;densidad "densidad" true true false 9 Long 0 9 ,First,#,act_2000,densidad,-1,-1,buffer2000,densidad,-1,-1;empleo_r "empleo_r" true true false 4 Short 0 4 ,First,#,act_2000,empleo_r,-1,-1,buffer2000,empleo_r,-1,-1;ID_Circulo "ID_Circulo" true true false 9 Long 0 9 ,First,#,act_2000,ID_Circulo,-1,-1,buffer2000,ID_Circulo,-1,-1;viv0 "viv0" true true false 9 Long 0 9 ,First,#,act_2000,viv0,-1,-1,buffer2000,viv0,-1,-1;disc_r "disc_r" true true false 9 Long 0 9 ,First,#,act_2000,disc_r,-1,-1,buffer2000,disc_r,-1,-1;Id "Id" true true false 6 Long 0 6 ,First,#,buffer2000,Id,-1,-1;viv1_r "viv1_r" true true false 4 Short 0 4 ,First,#,buffer2000,viv1_r,-1,-1"</Process><Process ToolSource="C:\Program Files (x86)\ArcGIS\Desktop10.0\ArcToolbox\Toolboxes\Data Management Tools.tbx\CalculateField" Date="20140430" Time="160338" Name="" export="">CalculateField mrge AGENCIA "ITDP" VB #</Process><Process ToolSource="C:\Program Files (x86)\ArcGIS\Desktop10.0\ArcToolbox\Toolboxes\Data Management Tools.tbx\CalculateField" Date="20140430" Time="160507" Name="" export="">CalculateField mrge viv1_r [viv_r] VB #</Process><Process ToolSource="C:\Program Files (x86)\ArcGIS\Desktop10.0\ArcToolbox\Toolboxes\Data Management Tools.tbx\DeleteField" Date="20140430" Time="160704" Name="" export="">DeleteField mrge viv_r</Process><Process ToolSource="C:\Program Files (x86)\ArcGIS\Desktop10.0\ArcToolbox\Toolboxes\Data Management Tools.tbx\DeleteField" Date="20140430" Time="160721" Name="" export="">DeleteField mrge Id</Process><Process ToolSource="c:\program files (x86)\arcgis\desktop10.1\ArcToolbox\Toolboxes\Data Management Tools.tbx\Merge" Date="20140505" Time="200416" Name="" export="">Merge zmvm2000;b2000 "C:\Users\NelishhPC\Dropbox\Mapas DOT\itdp\2000.shp" "Name "Name" true true false 60 Text 0 0 ,First,#,zmvm2000,Name,-1,-1;RUTA "RUTA" true true false 50 Text 0 0 ,First,#,zmvm2000,RUTA,-1,-1;ADICIONAL "ADICIONAL" true true false 50 Text 0 0 ,First,#,zmvm2000,ADICIONAL,-1,-1;AGENCIA "AGENCIA" true true false 50 Text 0 0 ,First,#,zmvm2000,AGENCIA,-1,-1;Dirección "Dirección" true true false 50 Text 0 0 ,First,#,zmvm2000,Dirección,-1,-1;eco4_r "eco4_r" true true false 9 Long 0 9 ,First,#,zmvm2000,eco4_r,-1,-1;pob1 "pob1" true true false 9 Long 0 9 ,First,#,zmvm2000,pob1,-1,-1;eco25_r "eco25_r" true true false 9 Long 0 9 ,First,#,zmvm2000,eco25_r,-1,-1;viv28_R "viv28_R" true true false 9 Long 0 9 ,First,#,zmvm2000,viv28_R,-1,-1;densidad "densidad" true true false 9 Long 0 9 ,First,#,zmvm2000,densidad,-1,-1;empleo_r "empleo_r" true true false 4 Short 0 4 ,First,#,zmvm2000,empleo_r,-1,-1;ID_Circulo "ID_Circulo" true true false 9 Long 0 9 ,First,#,zmvm2000,ID_Circulo,-1,-1;viv0 "viv0" true true false 9 Long 0 9 ,First,#,zmvm2000,viv0,-1,-1;disc_r "disc_r" true true false 9 Long 0 9 ,First,#,zmvm2000,disc_r,-1,-1;viv1_r "viv1_r" true true false 4 Short 0 4 ,First,#,zmvm2000,viv1_r,-1,-1;gmu "gmu" true true false 50 Text 0 0 ,First,#,zmvm2000,gmu,-1,-1;nse "nse" true true false 50 Text 0 0 ,First,#,zmvm2000,nse,-1,-1;Id "Id" true true false 6 Long 0 6 ,First,#,b2000,Id,-1,-1"</Process><Process ToolSource="c:\program files (x86)\arcgis\desktop10.1\ArcToolbox\Toolboxes\Data Management Tools.tbx\CalculateField" Date="20140505" Time="200444" Name="" export="">CalculateField 2000 Name "Propuesta ITDP" VB #</Process><Process ToolSource="c:\program files (x86)\arcgis\desktop10.1\ArcToolbox\Toolboxes\Data Management Tools.tbx\CalculateField" Date="20140505" Time="200457" Name="" export="">CalculateField 2000 AGENCIA "ITDP" VB #</Process><Process ToolSource="c:\program files (x86)\arcgis\desktop10.1\ArcToolbox\Toolboxes\Data Management Tools.tbx\CalculateField" Date="20140505" Time="200844" Name="" export="">CalculateField 2000 eco4_r "42" VB #</Process><Process ToolSource="c:\program files (x86)\arcgis\desktop10.1\ArcToolbox\Toolboxes\Data Management Tools.tbx\CalculateField" Date="20140505" Time="200856" Name="" export="">CalculateField 2000 eco25_r "2" VB #</Process><Process ToolSource="c:\program files (x86)\arcgis\desktop10.1\ArcToolbox\Toolboxes\Data Management Tools.tbx\CalculateField" Date="20140505" Time="200906" Name="" export="">CalculateField 2000 viv28_R "39" VB #</Process><Process ToolSource="c:\program files (x86)\arcgis\desktop10.1\ArcToolbox\Toolboxes\Data Management Tools.tbx\CalculateField" Date="20140505" Time="200922" Name="" export="">CalculateField 2000 empleo_r "20" VB #</Process><Process ToolSource="c:\program files (x86)\arcgis\desktop10.1\ArcToolbox\Toolboxes\Data Management Tools.tbx\CalculateField" Date="20140505" Time="200942" Name="" export="">CalculateField 2000 ID_Circulo "1021" VB #</Process><Process ToolSource="c:\program files (x86)\arcgis\desktop10.1\ArcToolbox\Toolboxes\Data Management Tools.tbx\CalculateField" Date="20140505" Time="201006" Name="" export="">CalculateField 2000 disc_r "4" VB #</Process><Process ToolSource="c:\program files (x86)\arcgis\desktop10.1\ArcToolbox\Toolboxes\Data Management Tools.tbx\CalculateField" Date="20140505" Time="201016" Name="" export="">CalculateField 2000 viv1_r "11" VB #</Process><Process ToolSource="c:\program files (x86)\arcgis\desktop10.1\ArcToolbox\Toolboxes\Data Management Tools.tbx\CalculateField" Date="20140505" Time="201152" Name="" export="">CalculateField 2000 densidad "163" VB #</Process><Process ToolSource="c:\program files (x86)\arcgis\desktop10.1\ArcToolbox\Toolboxes\Data Management Tools.tbx\CalculateField" Date="20140505" Time="201211" Name="" export="">CalculateField 2000 pob1 "11303341" VB #</Process><Process ToolSource="C:\Program Files\ArcGIS\Desktop10.0\ArcToolbox\Toolboxes\Data Management Tools.tbx\CalculateField" Date="20140506" Time="014828" Name="" export="">CalculateField 2000 viv0 "3510874" VB #</Process><Process ToolSource="c:\program files (x86)\arcgis\desktop10.1\ArcToolbox\Toolboxes\Data Management Tools.tbx\CalculateField" Date="20140527" Time="205047" Name="" export="">CalculateField 2000 long [viv28_R] VB #</Process><Process ToolSource="c:\program files (x86)\arcgis\desktop10.1\ArcToolbox\Toolboxes\Data Management Tools.tbx\CalculateField" Date="20140527" Time="205119" Name="" export="">CalculateField 2000 viv28_r [long] VB #</Process></lineage><itemProps><itemName Sync="TRUE">2000</itemName><imsContentType Sync="TRUE">002</imsContentType><itemSize Sync="TRUE">0.000</itemSize><itemLocation><linkage Sync="TRUE">file://\\SABERJOHN\C$\Users\saberjohnW8\Desktop\DOT\2000</linkage><protocol Sync="TRUE">Local Area Network</protocol></itemLocation></itemProps><coordRef><type Sync="TRUE">Projected</type><geogcsn Sync="TRUE">GCS_WGS_1984</geogcsn><projcsn Sync="TRUE">WGS_1984_UTM_Zone_14N</projcsn><peXml Sync="TRUE">&lt;ProjectedCoordinateSystem xsi:type='typens:ProjectedCoordinateSystem' xmlns:xsi='http://www.w3.org/2001/XMLSchema-instance' xmlns:xs='http://www.w3.org/2001/XMLSchema' xmlns:typens='http://www.esri.com/schemas/ArcGIS/10.1'&gt;&lt;WKT&gt;PROJCS[&amp;quot;WGS_1984_UTM_Zone_14N&amp;quot;,GEOGCS[&amp;quot;GCS_WGS_1984&amp;quot;,DATUM[&amp;quot;D_WGS_1984&amp;quot;,SPHEROID[&amp;quot;WGS_1984&amp;quot;,6378137.0,298.257223563]],PRIMEM[&amp;quot;Greenwich&amp;quot;,0.0],UNIT[&amp;quot;Degree&amp;quot;,0.0174532925199433]],PROJECTION[&amp;quot;Transverse_Mercator&amp;quot;],PARAMETER[&amp;quot;False_Easting&amp;quot;,500000.0],PARAMETER[&amp;quot;False_Northing&amp;quot;,0.0],PARAMETER[&amp;quot;Central_Meridian&amp;quot;,-99.0],PARAMETER[&amp;quot;Scale_Factor&amp;quot;,0.9996],PARAMETER[&amp;quot;Latitude_Of_Origin&amp;quot;,0.0],UNIT[&amp;quot;Meter&amp;quot;,1.0],AUTHORITY[&amp;quot;EPSG&amp;quot;,32614]]&lt;/WKT&gt;&lt;XOrigin&gt;-5120900&lt;/XOrigin&gt;&lt;YOrigin&gt;-9998100&lt;/YOrigin&gt;&lt;XYScale&gt;450445547.3910538&lt;/XYScale&gt;&lt;ZOrigin&gt;-100000&lt;/ZOrigin&gt;&lt;ZScale&gt;10000&lt;/ZScale&gt;&lt;MOrigin&gt;-100000&lt;/MOrigin&gt;&lt;MScale&gt;10000&lt;/MScale&gt;&lt;XYTolerance&gt;0.001&lt;/XYTolerance&gt;&lt;ZTolerance&gt;0.001&lt;/ZTolerance&gt;&lt;MTolerance&gt;0.001&lt;/MTolerance&gt;&lt;HighPrecision&gt;true&lt;/HighPrecision&gt;&lt;WKID&gt;32614&lt;/WKID&gt;&lt;LatestWKID&gt;32614&lt;/LatestWKID&gt;&lt;/ProjectedCoordinateSystem&gt;</peXml><csUnits Sync="TRUE">Linear Unit: Meter (1.000000)</csUnits></coordRef><copyHistory><copy source="C:\Users\saberjohnW8\Documents\dot\2000" dest="\\SABERJOHN\C$\Users\saberjohnW8\Desktop\DOT\2000" date="20140815" time="14200600"></copy></copyHistory></DataProperties><SyncDate>20140505</SyncDate><SyncTime>20041400</SyncTime><ModDate>20140815</ModDate><ModTime>14160300</ModTime><scaleRange><minScale>150000000</minScale><maxScale>5000</maxScale></scaleRange><ArcGISProfile>ItemDescription</ArcGISProfile></Esri><dataIdInfo><envirDesc Sync="TRUE"> Version 6.2 (Build 9200) ; Esri ArcGIS 10.1.0.3035</envirDesc><dataLang><languageCode value="spa" country="MEX"/><countryCode value="MEX" Sync="TRUE"/></dataLang><idCitation><resTitle Sync="TRUE">2000</resTitle><presForm><PresFormCd value="005"/></presForm></idCitation><descKeys><thesaName uuidref="723f6998-058e-11dc-8314-0800200c9a66"/><keyword Sync="TRUE">002</keyword></descKeys><spatRpType><SpatRepTypCd value="001"/></spatRpType><idAbs>&lt;DIV STYLE="text-align:Left;"&gt;&lt;DIV&gt;&lt;DIV&gt;&lt;P&gt;&lt;SPAN&gt;Capa que incluye el área de influencia a 2000 metros de cada estación de transporte público masivo de la Zona Metropolitana del Valle de México y de la propuesta de expansión de la red de BRT de ITDP México.&lt;/SPAN&gt;&lt;/P&gt;&lt;P&gt;&lt;SPAN&gt;Elaborada en base a las AGEB urbanas disponibles en el SCINCE 2010 del Instituto Nacional De Estadística y Geografía.&lt;/SPAN&gt;&lt;/P&gt;&lt;P&gt;&lt;SPAN&gt;México 2014.&lt;/SPAN&gt;&lt;/P&gt;&lt;/DIV&gt;&lt;/DIV&gt;&lt;/DIV&gt;</idAbs><idCredit>INEGI, ITDP México.</idCredit><idPurp>Capa con datos de población, vivienda, grado de marginación y empleo en el área de influencia a 2000 metros de las estaciones de transporte público masivo en la Zona Metropolitana del Valle de México y de la propuesta de expansión de la red de BRT de ITDP México.</idPurp><searchKeys><keyword>DOTDF</keyword><keyword>ITDP México</keyword><keyword>CiudadesDOT.</keyword></searchKeys></dataIdInfo><mdLang><languageCode value="spa"/><countryCode value="MEX" Sync="TRUE"/></mdLang><mdChar><CharSetCd value="004"/></mdChar><distInfo><distFormat><formatName Sync="TRUE">Shapefile</formatName></distFormat><distTranOps><transSize Sync="TRUE">0.000</transSize></distTranOps></distInfo><mdHrLv><ScopeCd value="005"/></mdHrLv><mdHrLvName Sync="TRUE">dataset</mdHrLvName><refSysInfo><RefSystem><refSysID><identCode code="32614"/><idCodeSpace Sync="TRUE">EPSG</idCodeSpace><idVersion Sync="TRUE">7.9.4</idVersion></refSysID></RefSystem></refSysInfo><spdoinfo><ptvctinf><esriterm Name="2000"><efeatyp Sync="TRUE">Simple</efeatyp><efeageom code="4" Sync="TRUE"/><esritopo Sync="TRUE">FALSE</esritopo><efeacnt Sync="TRUE">0</efeacnt><spindex Sync="TRUE">FALSE</spindex><linrefer Sync="TRUE">FALSE</linrefer></esriterm></ptvctinf></spdoinfo><spatRepInfo><VectSpatRep><geometObjs Name="2000"><geoObjTyp><GeoObjTypCd value="002" Sync="TRUE"/></geoObjTyp><geoObjCnt Sync="TRUE">0</geoObjCnt></geometObjs><topLvl><TopoLevCd value="001" Sync="TRUE"/></topLvl></VectSpatRep></spatRepInfo><eainfo><detailed Name="2000"><enttyp><enttypl Sync="TRUE">2000</enttypl><enttypt Sync="TRUE">Feature Class</enttypt><enttypc Sync="TRUE">0</enttypc></enttyp><attr><attrlabl Sync="TRUE">FID</attrlabl><attalias Sync="TRUE">FID</attalias><attrtype Sync="TRUE">OID</attrtype><attwidth Sync="TRUE">4</attwidth><atprecis Sync="TRUE">0</atprecis><attscale Sync="TRUE">0</attscale><attrdef Sync="TRUE">Internal feature number.</attrdef><attrdefs Sync="TRUE">ESRI</attrdefs><attrdomv><udom Sync="TRUE">Sequential unique whole numbers that are automatically generated.</udom></attrdomv></attr><attr><attrlabl Sync="TRUE">Shape</attrlabl><attalias Sync="TRUE">Shape</attalias><attrtype Sync="TRUE">Geometry</attrtype><attwidth Sync="TRUE">0</attwidth><atprecis Sync="TRUE">0</atprecis><attscale Sync="TRUE">0</attscale><attrdef Sync="TRUE">Feature geometry.</attrdef><attrdefs Sync="TRUE">ESRI</attrdefs><attrdomv><udom Sync="TRUE">Coordinates defining the features.</udom></attrdomv></attr><attr><attrlabl Sync="TRUE">Name</attrlabl><attalias Sync="TRUE">Name</attalias><attrtype Sync="TRUE">String</attrtype><attwidth Sync="TRUE">60</attwidth><atprecis Sync="TRUE">0</atprecis><attscale Sync="TRUE">0</attscale></attr><attr><attrlabl Sync="TRUE">RUTA</attrlabl><attalias Sync="TRUE">RUTA</attalias><attrtype Sync="TRUE">String</attrtype><attwidth Sync="TRUE">50</attwidth><atprecis Sync="TRUE">0</atprecis><attscale Sync="TRUE">0</attscale></attr><attr><attrlabl Sync="TRUE">ADICIONAL</attrlabl><attalias Sync="TRUE">ADICIONAL</attalias><attrtype Sync="TRUE">String</attrtype><attwidth Sync="TRUE">50</attwidth><atprecis Sync="TRUE">0</atprecis><attscale Sync="TRUE">0</attscale></attr><attr><attrlabl Sync="TRUE">AGENCIA</attrlabl><attalias Sync="TRUE">AGENCIA</attalias><attrtype Sync="TRUE">String</attrtype><attwidth Sync="TRUE">50</attwidth><atprecis Sync="TRUE">0</atprecis><attscale Sync="TRUE">0</attscale></attr><attr><attrlabl Sync="TRUE">Dirección</attrlabl><attalias Sync="TRUE">Dirección</attalias><attrtype Sync="TRUE">String</attrtype><attwidth Sync="TRUE">50</attwidth><atprecis Sync="TRUE">0</atprecis><attscale Sync="TRUE">0</attscale></attr><attr><attrlabl Sync="TRUE">eco4_r</attrlabl><attalias Sync="TRUE">eco4_r</attalias><attrtype Sync="TRUE">Integer</attrtype><attwidth Sync="TRUE">9</attwidth><atprecis Sync="TRUE">9</atprecis><attscale Sync="TRUE">0</attscale></attr><attr><attrlabl Sync="TRUE">pob1</attrlabl><attalias Sync="TRUE">pob1</attalias><attrtype Sync="TRUE">Integer</attrtype><attwidth Sync="TRUE">9</attwidth><atprecis Sync="TRUE">9</atprecis><attscale Sync="TRUE">0</attscale></attr><attr><attrlabl Sync="TRUE">eco25_r</attrlabl><attalias Sync="TRUE">eco25_r</attalias><attrtype Sync="TRUE">Integer</attrtype><attwidth Sync="TRUE">9</attwidth><atprecis Sync="TRUE">9</atprecis><attscale Sync="TRUE">0</attscale></attr><attr><attrlabl Sync="TRUE">viv28_R</attrlabl><attalias Sync="TRUE">viv28_R</attalias><attrtype Sync="TRUE">Integer</attrtype><attwidth Sync="TRUE">9</attwidth><atprecis Sync="TRUE">9</atprecis><attscale Sync="TRUE">0</attscale></attr><attr><attrlabl Sync="TRUE">densidad</attrlabl><attalias Sync="TRUE">densidad</attalias><attrtype Sync="TRUE">Integer</attrtype><attwidth Sync="TRUE">9</attwidth><atprecis Sync="TRUE">9</atprecis><attscale Sync="TRUE">0</attscale></attr><attr><attrlabl Sync="TRUE">empleo_r</attrlabl><attalias Sync="TRUE">empleo_r</attalias><attrtype Sync="TRUE">SmallInteger</attrtype><attwidth Sync="TRUE">4</attwidth><atprecis Sync="TRUE">4</atprecis><attscale Sync="TRUE">0</attscale></attr><attr><attrlabl Sync="TRUE">ID_Circulo</attrlabl><attalias Sync="TRUE">ID_Circulo</attalias><attrtype Sync="TRUE">Integer</attrtype><attwidth Sync="TRUE">9</attwidth><atprecis Sync="TRUE">9</atprecis><attscale Sync="TRUE">0</attscale></attr><attr><attrlabl Sync="TRUE">viv0</attrlabl><attalias Sync="TRUE">viv0</attalias><attrtype Sync="TRUE">Integer</attrtype><attwidth Sync="TRUE">9</attwidth><atprecis Sync="TRUE">9</atprecis><attscale Sync="TRUE">0</attscale></attr><attr><attrlabl Sync="TRUE">disc_r</attrlabl><attalias Sync="TRUE">disc_r</attalias><attrtype Sync="TRUE">Integer</attrtype><attwidth Sync="TRUE">9</attwidth><atprecis Sync="TRUE">9</atprecis><attscale Sync="TRUE">0</attscale></attr><attr><attrlabl Sync="TRUE">Id</attrlabl><attalias Sync="TRUE">Id</attalias><attrtype Sync="TRUE">Integer</attrtype><attwidth Sync="TRUE">6</attwidth><atprecis Sync="TRUE">6</atprecis><attscale Sync="TRUE">0</attscale></attr><attr><attrlabl Sync="TRUE">gmu</attrlabl><attalias Sync="TRUE">gmu</attalias><attrtype Sync="TRUE">String</attrtype><attwidth Sync="TRUE">50</attwidth><atprecis Sync="TRUE">0</atprecis><attscale Sync="TRUE">0</attscale></attr><attr><attrlabl Sync="TRUE">nse</attrlabl><attalias Sync="TRUE">nse</attalias><attrtype Sync="TRUE">String</attrtype><attwidth Sync="TRUE">50</attwidth><atprecis Sync="TRUE">0</atprecis><attscale Sync="TRUE">0</attscale></attr><attr><attrlabl Sync="TRUE">viv1_r</attrlabl><attalias Sync="TRUE">viv1_r</attalias><attrtype Sync="TRUE">SmallInteger</attrtype><attwidth Sync="TRUE">4</attwidth><atprecis Sync="TRUE">4</atprecis><attscale Sync="TRUE">0</attscale></attr></detailed></eainfo><mdDateSt Sync="TRUE">20140815</mdDateSt></metadata>
