<metadata xml:lang="es"><Esri><CreaDate>20140506</CreaDate><CreaTime>01393200</CreaTime><ArcGISFormat>1.0</ArcGISFormat><SyncOnce>FALSE</SyncOnce><DataProperties><lineage><Process ToolSource="c:\program files (x86)\arcgis\desktop10.1\ArcToolbox\Toolboxes\Data Management Tools.tbx\CalculateField" Date="20140424" Time="194119" Name="" export="">CalculateField buffer500 ID_Circulo "1021" VB #</Process><Process ToolSource="c:\program files (x86)\arcgis\desktop10.1\ArcToolbox\Toolboxes\Data Management Tools.tbx\Merge" Date="20140424" Time="194233" Name="" export="">Merge buffer500;actual_500 "C:\Users\NelishhPC\Dropbox\Mapas DOT\masivo\union\merge_500.shp" "densidad "densidad" true true false 4 Short 0 4 ,First,#,buffer500,densidad,-1,-1,actual_500,densidad,-1,-1;Agencia "Agencia" true true false 50 Text 0 0 ,First,#,buffer500,Agencia,-1,-1,actual_500,AGENCIA,-1,-1;empleo_r "empleo_r" true true false 4 Short 0 4 ,First,#,buffer500,empleo_r,-1,-1,actual_500,empleo_r,-1,-1;viv1_r "viv1_r" true true false 4 Short 0 4 ,First,#,buffer500,viv1_r,-1,-1,actual_500,viv1_r,-1,-1;eco4_r "eco4_r" true true false 4 Short 0 4 ,First,#,buffer500,eco4_r,-1,-1,actual_500,eco4_r,-1,-1;eco25_r "eco25_r" true true false 4 Short 0 4 ,First,#,buffer500,eco25_r,-1,-1,actual_500,eco25_r,-1,-1;disc_r "disc_r" true true false 4 Short 0 4 ,First,#,buffer500,disc_r,-1,-1,actual_500,disc_r,-1,-1;viv28_r "viv28_r" true true false 4 Short 0 4 ,First,#,buffer500,viv28_r,-1,-1,actual_500,viv28_r,-1,-1;pob1 "pob1" true true false 9 Long 0 9 ,First,#,buffer500,pob1,-1,-1,actual_500,pob1,-1,-1;ID_Circulo "ID_Circulo" true true false 9 Long 0 9 ,First,#,buffer500,ID_Circulo,-1,-1,actual_500,ID_Circulo,-1,-1;Name "Name" true true false 60 Text 0 0 ,First,#,actual_500,Name,-1,-1;RUTA "RUTA" true true false 50 Text 0 0 ,First,#,actual_500,RUTA,-1,-1;ADICIONAL "ADICIONAL" true true false 50 Text 0 0 ,First,#,actual_500,ADICIONAL,-1,-1;Dirección "Dirección" true true false 50 Text 0 0 ,First,#,actual_500,Dirección,-1,-1;gmu "gmu" true true false 50 Text 0 0 ,First,#,actual_500,gmu,-1,-1;nse "nse" true true false 50 Text 0 0 ,First,#,actual_500,nse,-1,-1"</Process><Process ToolSource="c:\program files (x86)\arcgis\desktop10.1\ArcToolbox\Toolboxes\Data Management Tools.tbx\CalculateField" Date="20140424" Time="194634" Name="" export="">CalculateField merge_500 Name "Propuesta ITDP" VB #</Process><Process ToolSource="c:\program files (x86)\arcgis\desktop10.1\ArcToolbox\Toolboxes\Data Management Tools.tbx\CalculateField" Date="20140424" Time="195818" Name="" export="">CalculateField merge_500 viv0 [LONG] VB #</Process><Process ToolSource="c:\program files (x86)\arcgis\desktop10.1\ArcToolbox\Toolboxes\Data Management Tools.tbx\CalculateField" Date="20140424" Time="200636" Name="" export="">CalculateField merge_500 viv0 "1486532" VB #</Process><Process ToolSource="c:\program files (x86)\arcgis\desktop10.1\ArcToolbox\Toolboxes\Data Management Tools.tbx\Merge" Date="20140502" Time="033447" Name="" export="">Merge 500_1;500_ "C:\Users\NelishhPC\Dropbox\Mapas DOT\itdp\500.shp" "densidad "densidad" true true false 4 Short 0 4 ,First,#,500_1,densidad,-1,-1,500_,densidad,-1,-1;Agencia "Agencia" true true false 50 Text 0 0 ,First,#,500_1,Agencia,-1,-1,500_,Agencia,-1,-1;empleo_r "empleo_r" true true false 4 Short 0 4 ,First,#,500_1,empleo_r,-1,-1,500_,empleo_r,-1,-1;viv1_r "viv1_r" true true false 4 Short 0 4 ,First,#,500_1,viv1_r,-1,-1,500_,viv1_r,-1,-1;eco4_r "eco4_r" true true false 4 Short 0 4 ,First,#,500_1,eco4_r,-1,-1,500_,eco4_r,-1,-1;eco25_r "eco25_r" true true false 4 Short 0 4 ,First,#,500_1,eco25_r,-1,-1,500_,eco25_r,-1,-1;disc_r "disc_r" true true false 4 Short 0 4 ,First,#,500_1,disc_r,-1,-1,500_,disc_r,-1,-1;viv28_r "viv28_r" true true false 4 Short 0 4 ,First,#,500_1,viv28_r,-1,-1,500_,viv28_r,-1,-1;pob1 "pob1" true true false 9 Long 0 9 ,First,#,500_1,pob1,-1,-1,500_,pob1,-1,-1;ID_Circulo "ID_Circulo" true true false 9 Long 0 9 ,First,#,500_1,ID_Circulo,-1,-1,500_,ID_Circulo,-1,-1;Name "Name" true true false 60 Text 0 0 ,First,#,500_1,Name,-1,-1,500_,Name,-1,-1;RUTA "RUTA" true true false 50 Text 0 0 ,First,#,500_1,RUTA,-1,-1,500_,RUTA,-1,-1;ADICIONAL "ADICIONAL" true true false 50 Text 0 0 ,First,#,500_1,ADICIONAL,-1,-1,500_,ADICIONAL,-1,-1;Dirección "Dirección" true true false 50 Text 0 0 ,First,#,500_1,Dirección,-1,-1,500_,Dirección,-1,-1;gmu "gmu" true true false 50 Text 0 0 ,First,#,500_1,gmu,-1,-1,500_,gmu,-1,-1;nse "nse" true true false 50 Text 0 0 ,First,#,500_1,nse,-1,-1,500_,nse,-1,-1;viv0 "viv0" true true false 9 Long 0 9 ,First,#,500_1,viv0,-1,-1,500_,viv0,-1,-1;Id "Id" true true false 6 Long 0 6 ,First,#,500_,Id,-1,-1;FID_1 "FID_1" true true false 9 Long 0 9 ,First,#,500_,FID_1,-1,-1;ID_Circu_1 "ID_Circu_1" true true false 9 Long 0 9 ,First,#,500_,ID_Circu_1,-1,-1"</Process><Process ToolSource="C:\Program Files\ArcGIS\Desktop10.0\ArcToolbox\Toolboxes\Data Management Tools.tbx\CalculateField" Date="20140506" Time="012934" Name="" export="">CalculateField 500 pob1 "4350538" VB #</Process><Process ToolSource="C:\Program Files\ArcGIS\Desktop10.0\ArcToolbox\Toolboxes\Data Management Tools.tbx\CalculateField" Date="20140506" Time="013132" Name="" export="">CalculateField 500 empleo_r "25" VB #</Process><Process ToolSource="c:\program files (x86)\arcgis\desktop10.1\ArcToolbox\Toolboxes\Data Management Tools.tbx\CalculateField" Date="20140509" Time="134643" Name="" export="">CalculateField 500 text [Agencia] VB #</Process><Process ToolSource="c:\program files (x86)\arcgis\desktop10.1\ArcToolbox\Toolboxes\Data Management Tools.tbx\CalculateField" Date="20140509" Time="134707" Name="" export="">CalculateField 500 AGENCIA [text] VB #</Process></lineage><itemProps><itemName Sync="TRUE">500</itemName><imsContentType Sync="TRUE">002</imsContentType><itemSize Sync="TRUE">0.000</itemSize><itemLocation><linkage Sync="TRUE">file://\\SABERJOHN\C$\Users\saberjohnW8\Desktop\DOT\500</linkage><protocol Sync="TRUE">Local Area Network</protocol></itemLocation></itemProps><coordRef><type Sync="TRUE">Projected</type><geogcsn Sync="TRUE">GCS_WGS_1984</geogcsn><csUnits Sync="TRUE">Linear Unit: Meter (1.000000)</csUnits><projcsn Sync="TRUE">WGS_1984_UTM_Zone_14N</projcsn><peXml Sync="TRUE">&lt;ProjectedCoordinateSystem xsi:type='typens:ProjectedCoordinateSystem' xmlns:xsi='http://www.w3.org/2001/XMLSchema-instance' xmlns:xs='http://www.w3.org/2001/XMLSchema' xmlns:typens='http://www.esri.com/schemas/ArcGIS/10.1'&gt;&lt;WKT&gt;PROJCS[&amp;quot;WGS_1984_UTM_Zone_14N&amp;quot;,GEOGCS[&amp;quot;GCS_WGS_1984&amp;quot;,DATUM[&amp;quot;D_WGS_1984&amp;quot;,SPHEROID[&amp;quot;WGS_1984&amp;quot;,6378137.0,298.257223563]],PRIMEM[&amp;quot;Greenwich&amp;quot;,0.0],UNIT[&amp;quot;Degree&amp;quot;,0.0174532925199433]],PROJECTION[&amp;quot;Transverse_Mercator&amp;quot;],PARAMETER[&amp;quot;False_Easting&amp;quot;,500000.0],PARAMETER[&amp;quot;False_Northing&amp;quot;,0.0],PARAMETER[&amp;quot;Central_Meridian&amp;quot;,-99.0],PARAMETER[&amp;quot;Scale_Factor&amp;quot;,0.9996],PARAMETER[&amp;quot;Latitude_Of_Origin&amp;quot;,0.0],UNIT[&amp;quot;Meter&amp;quot;,1.0],AUTHORITY[&amp;quot;EPSG&amp;quot;,32614]]&lt;/WKT&gt;&lt;XOrigin&gt;-5120900&lt;/XOrigin&gt;&lt;YOrigin&gt;-9998100&lt;/YOrigin&gt;&lt;XYScale&gt;450445547.3910538&lt;/XYScale&gt;&lt;ZOrigin&gt;-100000&lt;/ZOrigin&gt;&lt;ZScale&gt;10000&lt;/ZScale&gt;&lt;MOrigin&gt;-100000&lt;/MOrigin&gt;&lt;MScale&gt;10000&lt;/MScale&gt;&lt;XYTolerance&gt;0.001&lt;/XYTolerance&gt;&lt;ZTolerance&gt;0.001&lt;/ZTolerance&gt;&lt;MTolerance&gt;0.001&lt;/MTolerance&gt;&lt;HighPrecision&gt;true&lt;/HighPrecision&gt;&lt;WKID&gt;32614&lt;/WKID&gt;&lt;LatestWKID&gt;32614&lt;/LatestWKID&gt;&lt;/ProjectedCoordinateSystem&gt;</peXml></coordRef><copyHistory><copy source="C:\Users\saberjohnW8\Documents\dot\500" dest="\\SABERJOHN\C$\Users\saberjohnW8\Desktop\DOT\500" date="20140815" time="14201200"></copy></copyHistory></DataProperties><SyncDate>20140502</SyncDate><SyncTime>03344500</SyncTime><ModDate>20140815</ModDate><ModTime>14173600</ModTime><scaleRange><minScale>150000000</minScale><maxScale>5000</maxScale></scaleRange><ArcGISProfile>ItemDescription</ArcGISProfile></Esri><dataIdInfo><envirDesc Sync="TRUE"> Version 6.2 (Build 9200) ; Esri ArcGIS 10.1.0.3035</envirDesc><dataLang><languageCode value="spa" Sync="TRUE"/><countryCode value="MEX" Sync="TRUE"/></dataLang><idCitation><resTitle Sync="TRUE">500</resTitle><presForm><PresFormCd value="005" Sync="TRUE"/></presForm></idCitation><spatRpType><SpatRepTypCd value="001" Sync="TRUE"/></spatRpType><idAbs>&lt;DIV STYLE="text-align:Left;"&gt;&lt;DIV&gt;&lt;DIV&gt;&lt;P&gt;&lt;SPAN&gt;Capa que incluye el área de influencia a &lt;/SPAN&gt;&lt;SPAN&gt;5&lt;/SPAN&gt;&lt;SPAN&gt;00 metros de cada estación de transporte público masivo de la Zona Metropolitana del Valle de México y de la propuesta de expansión de la red de BRT de ITDP México.&lt;/SPAN&gt;&lt;/P&gt;&lt;P&gt;&lt;SPAN&gt;&lt;SPAN&gt;Elaborada en base a las AGEB urbanas disponibles en el SCINCE 2010 del Instituto Nacional De Estadística y Geografía.&lt;/SPAN&gt;&lt;/SPAN&gt;&lt;/P&gt;&lt;P&gt;&lt;SPAN&gt;&lt;SPAN&gt;México 2014.&lt;/SPAN&gt;&lt;/SPAN&gt;&lt;/P&gt;&lt;P&gt;&lt;SPAN /&gt;&lt;/P&gt;&lt;/DIV&gt;&lt;/DIV&gt;&lt;/DIV&gt;</idAbs><idPurp>Capa con datos de población, vivienda, grado de marginación y empleo en el área de influencia a 500 metros de las estaciones de transporte público masivo en la Zona Metropolitana del Valle de México y de la propuesta de expansión de la red de BRT de ITDP México.</idPurp><idCredit>INEGI, ITDP México.

</idCredit><searchKeys><keyword>DOTDF</keyword><keyword>ITDP México</keyword><keyword>CiudadesDOT.</keyword></searchKeys></dataIdInfo><mdLang><languageCode value="spa" Sync="TRUE"/><countryCode value="MEX" Sync="TRUE"/></mdLang><mdChar><CharSetCd value="004" Sync="TRUE"/></mdChar><distInfo><distFormat><formatName Sync="TRUE">Shapefile</formatName></distFormat><distTranOps><transSize Sync="TRUE">0.000</transSize></distTranOps></distInfo><mdHrLv><ScopeCd value="005" Sync="TRUE"/></mdHrLv><mdHrLvName Sync="TRUE">dataset</mdHrLvName><refSysInfo><RefSystem><refSysID><identCode code="32614" Sync="TRUE" value="32614"/><idCodeSpace Sync="TRUE">EPSG</idCodeSpace><idVersion Sync="TRUE">7.9.4</idVersion></refSysID></RefSystem></refSysInfo><spatRepInfo><VectSpatRep><geometObjs Name="500"><geoObjTyp><GeoObjTypCd value="002" Sync="TRUE"/></geoObjTyp><geoObjCnt Sync="TRUE">0</geoObjCnt></geometObjs><topLvl><TopoLevCd value="001" Sync="TRUE"/></topLvl></VectSpatRep></spatRepInfo><spdoinfo><ptvctinf><esriterm Name="500"><efeatyp Sync="TRUE">Simple</efeatyp><efeageom code="4" Sync="TRUE"/><esritopo Sync="TRUE">FALSE</esritopo><efeacnt Sync="TRUE">0</efeacnt><spindex Sync="TRUE">FALSE</spindex><linrefer Sync="TRUE">FALSE</linrefer></esriterm></ptvctinf></spdoinfo><eainfo><detailed Name="500"><enttyp><enttypl Sync="TRUE">500</enttypl><enttypt Sync="TRUE">Feature Class</enttypt><enttypc Sync="TRUE">0</enttypc></enttyp><attr><attrlabl Sync="TRUE">FID</attrlabl><attalias Sync="TRUE">FID</attalias><attrtype Sync="TRUE">OID</attrtype><attwidth Sync="TRUE">4</attwidth><atprecis Sync="TRUE">0</atprecis><attscale Sync="TRUE">0</attscale><attrdef Sync="TRUE">Internal feature number.</attrdef><attrdefs Sync="TRUE">Esri</attrdefs><attrdomv><udom Sync="TRUE">Sequential unique whole numbers that are automatically generated.</udom></attrdomv></attr><attr><attrlabl Sync="TRUE">Shape</attrlabl><attalias Sync="TRUE">Shape</attalias><attrtype Sync="TRUE">Geometry</attrtype><attwidth Sync="TRUE">0</attwidth><atprecis Sync="TRUE">0</atprecis><attscale Sync="TRUE">0</attscale><attrdef Sync="TRUE">Feature geometry.</attrdef><attrdefs Sync="TRUE">Esri</attrdefs><attrdomv><udom Sync="TRUE">Coordinates defining the features.</udom></attrdomv></attr><attr><attrlabl Sync="TRUE">densidad</attrlabl><attalias Sync="TRUE">densidad</attalias><attrtype Sync="TRUE">SmallInteger</attrtype><attwidth Sync="TRUE">4</attwidth><atprecis Sync="TRUE">4</atprecis><attscale Sync="TRUE">0</attscale></attr><attr><attrlabl Sync="TRUE">Agencia</attrlabl><attalias Sync="TRUE">Agencia</attalias><attrtype Sync="TRUE">String</attrtype><attwidth Sync="TRUE">50</attwidth><atprecis Sync="TRUE">0</atprecis><attscale Sync="TRUE">0</attscale></attr><attr><attrlabl Sync="TRUE">empleo_r</attrlabl><attalias Sync="TRUE">empleo_r</attalias><attrtype Sync="TRUE">SmallInteger</attrtype><attwidth Sync="TRUE">4</attwidth><atprecis Sync="TRUE">4</atprecis><attscale Sync="TRUE">0</attscale></attr><attr><attrlabl Sync="TRUE">viv1_r</attrlabl><attalias Sync="TRUE">viv1_r</attalias><attrtype Sync="TRUE">SmallInteger</attrtype><attwidth Sync="TRUE">4</attwidth><atprecis Sync="TRUE">4</atprecis><attscale Sync="TRUE">0</attscale></attr><attr><attrlabl Sync="TRUE">eco4_r</attrlabl><attalias Sync="TRUE">eco4_r</attalias><attrtype Sync="TRUE">SmallInteger</attrtype><attwidth Sync="TRUE">4</attwidth><atprecis Sync="TRUE">4</atprecis><attscale Sync="TRUE">0</attscale></attr><attr><attrlabl Sync="TRUE">eco25_r</attrlabl><attalias Sync="TRUE">eco25_r</attalias><attrtype Sync="TRUE">SmallInteger</attrtype><attwidth Sync="TRUE">4</attwidth><atprecis Sync="TRUE">4</atprecis><attscale Sync="TRUE">0</attscale></attr><attr><attrlabl Sync="TRUE">disc_r</attrlabl><attalias Sync="TRUE">disc_r</attalias><attrtype Sync="TRUE">SmallInteger</attrtype><attwidth Sync="TRUE">4</attwidth><atprecis Sync="TRUE">4</atprecis><attscale Sync="TRUE">0</attscale></attr><attr><attrlabl Sync="TRUE">viv28_r</attrlabl><attalias Sync="TRUE">viv28_r</attalias><attrtype Sync="TRUE">SmallInteger</attrtype><attwidth Sync="TRUE">4</attwidth><atprecis Sync="TRUE">4</atprecis><attscale Sync="TRUE">0</attscale></attr><attr><attrlabl Sync="TRUE">pob1</attrlabl><attalias Sync="TRUE">pob1</attalias><attrtype Sync="TRUE">Integer</attrtype><attwidth Sync="TRUE">9</attwidth><atprecis Sync="TRUE">9</atprecis><attscale Sync="TRUE">0</attscale></attr><attr><attrlabl Sync="TRUE">ID_Circulo</attrlabl><attalias Sync="TRUE">ID_Circulo</attalias><attrtype Sync="TRUE">Integer</attrtype><attwidth Sync="TRUE">9</attwidth><atprecis Sync="TRUE">9</atprecis><attscale Sync="TRUE">0</attscale></attr><attr><attrlabl Sync="TRUE">Name</attrlabl><attalias Sync="TRUE">Name</attalias><attrtype Sync="TRUE">String</attrtype><attwidth Sync="TRUE">60</attwidth><atprecis Sync="TRUE">0</atprecis><attscale Sync="TRUE">0</attscale></attr><attr><attrlabl Sync="TRUE">RUTA</attrlabl><attalias Sync="TRUE">RUTA</attalias><attrtype Sync="TRUE">String</attrtype><attwidth Sync="TRUE">50</attwidth><atprecis Sync="TRUE">0</atprecis><attscale Sync="TRUE">0</attscale></attr><attr><attrlabl Sync="TRUE">ADICIONAL</attrlabl><attalias Sync="TRUE">ADICIONAL</attalias><attrtype Sync="TRUE">String</attrtype><attwidth Sync="TRUE">50</attwidth><atprecis Sync="TRUE">0</atprecis><attscale Sync="TRUE">0</attscale></attr><attr><attrlabl Sync="TRUE">Dirección</attrlabl><attalias Sync="TRUE">Dirección</attalias><attrtype Sync="TRUE">String</attrtype><attwidth Sync="TRUE">50</attwidth><atprecis Sync="TRUE">0</atprecis><attscale Sync="TRUE">0</attscale></attr><attr><attrlabl Sync="TRUE">gmu</attrlabl><attalias Sync="TRUE">gmu</attalias><attrtype Sync="TRUE">String</attrtype><attwidth Sync="TRUE">50</attwidth><atprecis Sync="TRUE">0</atprecis><attscale Sync="TRUE">0</attscale></attr><attr><attrlabl Sync="TRUE">nse</attrlabl><attalias Sync="TRUE">nse</attalias><attrtype Sync="TRUE">String</attrtype><attwidth Sync="TRUE">50</attwidth><atprecis Sync="TRUE">0</atprecis><attscale Sync="TRUE">0</attscale></attr><attr><attrlabl Sync="TRUE">viv0</attrlabl><attalias Sync="TRUE">viv0</attalias><attrtype Sync="TRUE">Integer</attrtype><attwidth Sync="TRUE">9</attwidth><atprecis Sync="TRUE">9</atprecis><attscale Sync="TRUE">0</attscale></attr><attr><attrlabl Sync="TRUE">Id</attrlabl><attalias Sync="TRUE">Id</attalias><attrtype Sync="TRUE">Integer</attrtype><attwidth Sync="TRUE">6</attwidth><atprecis Sync="TRUE">6</atprecis><attscale Sync="TRUE">0</attscale></attr><attr><attrlabl Sync="TRUE">FID_1</attrlabl><attalias Sync="TRUE">FID_1</attalias><attrtype Sync="TRUE">Integer</attrtype><attwidth Sync="TRUE">9</attwidth><atprecis Sync="TRUE">9</atprecis><attscale Sync="TRUE">0</attscale></attr><attr><attrlabl Sync="TRUE">ID_Circu_1</attrlabl><attalias Sync="TRUE">ID_Circu_1</attalias><attrtype Sync="TRUE">Integer</attrtype><attwidth Sync="TRUE">9</attwidth><atprecis Sync="TRUE">9</atprecis><attscale Sync="TRUE">0</attscale></attr></detailed></eainfo><mdDateSt Sync="TRUE">20140815</mdDateSt></metadata>
