<?xml version="1.0" encoding="UTF-8"?>
<metadata xml:lang="es"><Esri><CreaDate>20150128</CreaDate><CreaTime>10595400</CreaTime><ArcGISFormat>1.0</ArcGISFormat><SyncOnce>FALSE</SyncOnce><DataProperties><lineage><Process ToolSource="c:\program files (x86)\arcgis\desktop10.1\ArcToolbox\Toolboxes\Data Management Tools.tbx\CalculateField" Date="20140820" Time="203122">CalculateField Actual500 pob1 [SUM_A] VB #</Process><Process ToolSource="c:\program files (x86)\arcgis\desktop10.1\ArcToolbox\Toolboxes\Data Management Tools.tbx\CalculateField" Date="20140820" Time="203213">CalculateField Actual500 densidad [MEAN_M] VB #</Process><Process ToolSource="c:\program files (x86)\arcgis\desktop10.1\ArcToolbox\Toolboxes\Data Management Tools.tbx\CalculateField" Date="20140820" Time="203227">CalculateField Actual500 empleo_r [MEAN_O] VB #</Process><Process ToolSource="c:\program files (x86)\arcgis\desktop10.1\ArcToolbox\Toolboxes\Data Management Tools.tbx\CalculateField" Date="20140820" Time="203302">CalculateField Actual500 densidad [MEAN_M] VB #</Process><Process ToolSource="c:\program files (x86)\arcgis\desktop10.1\ArcToolbox\Toolboxes\Data Management Tools.tbx\CalculateField" Date="20140820" Time="203317">CalculateField Actual500 empleo_r [MEAN_O] VB #</Process><Process ToolSource="c:\program files (x86)\arcgis\desktop10.1\ArcToolbox\Toolboxes\Data Management Tools.tbx\CalculateField" Date="20140820" Time="203336">CalculateField Actual500 viv1_r [MEAN_L] VB #</Process><Process ToolSource="c:\program files (x86)\arcgis\desktop10.1\ArcToolbox\Toolboxes\Data Management Tools.tbx\CalculateField" Date="20140820" Time="203351">CalculateField Actual500 eco4_r [MEAN_C] VB #</Process><Process ToolSource="c:\program files (x86)\arcgis\desktop10.1\ArcToolbox\Toolboxes\Data Management Tools.tbx\CalculateField" Date="20140820" Time="203405">CalculateField Actual500 eco25_r [MEAN_E] VB #</Process><Process ToolSource="c:\program files (x86)\arcgis\desktop10.1\ArcToolbox\Toolboxes\Data Management Tools.tbx\CalculateField" Date="20140820" Time="203543">CalculateField Actual500 disc_r [MEAN_G] VB #</Process><Process ToolSource="c:\program files (x86)\arcgis\desktop10.1\ArcToolbox\Toolboxes\Data Management Tools.tbx\CalculateField" Date="20140820" Time="203558">CalculateField Actual500 viv28_r [MEAN_J] VB #</Process><Process ToolSource="c:\program files (x86)\arcgis\desktop10.1\ArcToolbox\Toolboxes\Data Management Tools.tbx\Merge" Date="20140820" Time="211814">Merge actual;propuesta_itdp C:\Users\saberjohnW8\Desktop\jdfhjks\500nuevo\500\MERGE2.shp "densidad "densidad" true true false 4 Short 0 4 ,First,#,actual,densidad,-1,-1,propuesta_itdp,densidad,-1,-1;empleo_r "empleo_r" true true false 4 Short 0 4 ,First,#,actual,empleo_r,-1,-1,propuesta_itdp,empleo_r,-1,-1;viv1_r "viv1_r" true true false 4 Short 0 4 ,First,#,actual,viv1_r,-1,-1,propuesta_itdp,viv1_r,-1,-1;eco4_r "eco4_r" true true false 4 Short 0 4 ,First,#,actual,eco4_r,-1,-1,propuesta_itdp,eco4_r,-1,-1;eco25_r "eco25_r" true true false 4 Short 0 4 ,First,#,actual,eco25_r,-1,-1,propuesta_itdp,eco25_r,-1,-1;disc_r "disc_r" true true false 4 Short 0 4 ,First,#,actual,disc_r,-1,-1,propuesta_itdp,disc_r,-1,-1;viv28_r "viv28_r" true true false 4 Short 0 4 ,First,#,actual,viv28_r,-1,-1,propuesta_itdp,viv28_r,-1,-1;pob1 "pob1" true true false 9 Long 0 9 ,First,#,actual,pob1,-1,-1,propuesta_itdp,pob1,-1,-1;ID_Circulo "ID_Circulo" true true false 9 Long 0 9 ,First,#,actual,ID_Circulo,-1,-1,propuesta_itdp,ID_Circulo,-1,-1;Name "Name" true true false 60 Text 0 0 ,First,#,actual,Name,-1,-1,propuesta_itdp,Name,-1,-1;RUTA "RUTA" true true false 50 Text 0 0 ,First,#,actual,RUTA,-1,-1,propuesta_itdp,RUTA,-1,-1;ADICIONAL "ADICIONAL" true true false 50 Text 0 0 ,First,#,actual,ADICIONAL,-1,-1,propuesta_itdp,ADICIONAL,-1,-1;Dirección "Dirección" true true false 50 Text 0 0 ,First,#,actual,Dirección,-1,-1,propuesta_itdp,Dirección,-1,-1;gmu "gmu" true true false 50 Text 0 0 ,First,#,actual,gmu,-1,-1,propuesta_itdp,gmu,-1,-1;nse "nse" true true false 50 Text 0 0 ,First,#,actual,nse,-1,-1,propuesta_itdp,nse,-1,-1;viv0 "viv0" true true false 9 Long 0 9 ,First,#,actual,viv0,-1,-1,propuesta_itdp,viv0,-1,-1;AGENCIA "AGENCIA" true true false 50 Text 0 0 ,First,#,actual,AGENCIA,-1,-1,propuesta_itdp,AGENCIA,-1,-1;FID_1 "FID_1" true true false 9 Long 0 9 ,First,#,actual,FID_1,-1,-1;ID_Circu_1 "ID_Circu_1" true true false 9 Long 0 9 ,First,#,actual,ID_Circu_1,-1,-1;SUM_A "SUM_A" true true false 19 Double 0 0 ,First,#,actual,SUM_A,-1,-1;SUM_sup "SUM_sup" true true false 19 Double 0 0 ,First,#,actual,SUM_sup,-1,-1;SUM_B "SUM_B" true true false 19 Double 0 0 ,First,#,actual,SUM_B,-1,-1;MEAN_C "MEAN_C" true true false 19 Double 0 0 ,First,#,actual,MEAN_C,-1,-1;SUM_D "SUM_D" true true false 19 Double 0 0 ,First,#,actual,SUM_D,-1,-1;MEAN_E "MEAN_E" true true false 19 Double 0 0 ,First,#,actual,MEAN_E,-1,-1;SUM_F "SUM_F" true true false 19 Double 0 0 ,First,#,actual,SUM_F,-1,-1;MEAN_G "MEAN_G" true true false 19 Double 0 0 ,First,#,actual,MEAN_G,-1,-1;SUM_H "SUM_H" true true false 19 Double 0 0 ,First,#,actual,SUM_H,-1,-1;SUM_I "SUM_I" true true false 19 Double 0 0 ,First,#,actual,SUM_I,-1,-1;MEAN_J "MEAN_J" true true false 19 Double 0 0 ,First,#,actual,MEAN_J,-1,-1;SUM_K "SUM_K" true true false 19 Double 0 0 ,First,#,actual,SUM_K,-1,-1;MEAN_L "MEAN_L" true true false 19 Double 0 0 ,First,#,actual,MEAN_L,-1,-1;MEAN_M "MEAN_M" true true false 19 Double 0 0 ,First,#,actual,MEAN_M,-1,-1;SUM_N "SUM_N" true true false 19 Double 0 0 ,First,#,actual,SUM_N,-1,-1;MEAN_O "MEAN_O" true true false 19 Double 0 0 ,First,#,actual,MEAN_O,-1,-1;SUM_Q "SUM_Q" true true false 19 Double 0 0 ,First,#,actual,SUM_Q,-1,-1"</Process><Process ToolSource="c:\program files (x86)\arcgis\desktop10.1\ArcToolbox\Toolboxes\Data Management Tools.tbx\DeleteField" Date="20140820" Time="211934">DeleteField MERGE2 FID_1;ID_Circu_1;SUM_A;SUM_sup;SUM_B;MEAN_C;SUM_D;MEAN_E;SUM_F;MEAN_G;SUM_H;SUM_I;MEAN_J;SUM_K;MEAN_L;MEAN_M;SUM_N;MEAN_O;SUM_Q</Process><Process ToolSource="c:\program files (x86)\arcgis\desktop10.1\ArcToolbox\Toolboxes\Data Management Tools.tbx\Merge" Date="20150128" Time="104024">Merge preitdp500;prepre500 "Y:\Transporte Público\Nely Patlán\dotdf.mx\temporales\pre500.shp" "densidad "densidad" true true false 4 Short 0 4 ,First,#,preitdp500,densidad,-1,-1,prepre500,densidad,-1,-1;empleo_r "empleo_r" true true false 4 Short 0 4 ,First,#,preitdp500,empleo_r,-1,-1,prepre500,empleo_r,-1,-1;viv1_r "viv1_r" true true false 4 Short 0 4 ,First,#,preitdp500,viv1_r,-1,-1,prepre500,viv1_r,-1,-1;eco4_r "eco4_r" true true false 4 Short 0 4 ,First,#,preitdp500,eco4_r,-1,-1,prepre500,eco4_r,-1,-1;eco25_r "eco25_r" true true false 4 Short 0 4 ,First,#,preitdp500,eco25_r,-1,-1,prepre500,eco25_r,-1,-1;disc_r "disc_r" true true false 4 Short 0 4 ,First,#,preitdp500,disc_r,-1,-1,prepre500,disc_r,-1,-1;viv28_r "viv28_r" true true false 4 Short 0 4 ,First,#,preitdp500,viv28_r,-1,-1,prepre500,viv28_r,-1,-1;pob1 "pob1" true true false 9 Long 0 9 ,First,#,preitdp500,pob1,-1,-1,prepre500,pob1,-1,-1;ID_Circulo "ID_Circulo" true true false 9 Long 0 9 ,First,#,preitdp500,ID_Circulo,-1,-1,prepre500,ID_Circulo,-1,-1;Name "Name" true true false 60 Text 0 0 ,First,#,preitdp500,Name,-1,-1,prepre500,Name,-1,-1;RUTA "RUTA" true true false 50 Text 0 0 ,First,#,preitdp500,RUTA,-1,-1,prepre500,RUTA,-1,-1;ADICIONAL "ADICIONAL" true true false 50 Text 0 0 ,First,#,preitdp500,ADICIONAL,-1,-1,prepre500,ADICIONAL,-1,-1;Dirección "Dirección" true true false 50 Text 0 0 ,First,#,preitdp500,Dirección,-1,-1,prepre500,Dirección,-1,-1;gmu "gmu" true true false 50 Text 0 0 ,First,#,preitdp500,gmu,-1,-1,prepre500,gmu,-1,-1;nse "nse" true true false 50 Text 0 0 ,First,#,preitdp500,nse,-1,-1,prepre500,nse,-1,-1;viv0 "viv0" true true false 9 Long 0 9 ,First,#,preitdp500,viv0,-1,-1,prepre500,viv0,-1,-1;AGENCIA "AGENCIA" true true false 50 Text 0 0 ,First,#,preitdp500,AGENCIA,-1,-1,prepre500,Agencia,-1,-1"</Process><Process ToolSource="c:\program files (x86)\arcgis\desktop10.1\ArcToolbox\Toolboxes\Data Management Tools.tbx\CalculateField" Date="20150212" Time="143407">CalculateField 500 Name [AGENCIA] VB #</Process><Process ToolSource="c:\program files (x86)\arcgis\desktop10.1\ArcToolbox\Toolboxes\Data Management Tools.tbx\CalculateField" Date="20150212" Time="143433">CalculateField 500 Agencia [Nombre] VB #</Process><Process ToolSource="c:\program files (x86)\arcgis\desktop10.1\ArcToolbox\Toolboxes\Data Management Tools.tbx\CalculateField" Date="20150212" Time="143552">CalculateField 500 Nombre "Propuesta ITDP" VB #</Process><Process ToolSource="c:\program files (x86)\arcgis\desktop10.1\ArcToolbox\Toolboxes\Data Management Tools.tbx\CalculateField" Date="20150212" Time="143610">CalculateField 500 Agencia "ITDP" VB #</Process><Process ToolSource="c:\program files (x86)\arcgis\desktop10.1\ArcToolbox\Toolboxes\Data Management Tools.tbx\CalculateField" Date="20150325" Time="184123">CalculateField 500 Agency [Agencia] VB #</Process><Process ToolSource="c:\program files (x86)\arcgis\desktop10.1\ArcToolbox\Toolboxes\Data Management Tools.tbx\CalculateField" Date="20150325" Time="184134">CalculateField 500 Station [Station] VB #</Process><Process ToolSource="c:\program files (x86)\arcgis\desktop10.1\ArcToolbox\Toolboxes\Data Management Tools.tbx\CalculateField" Date="20150325" Time="184146">CalculateField 500 Station [Nombre] VB #</Process></lineage><itemProps><itemName Sync="TRUE">pre500</itemName><imsContentType Sync="TRUE">002</imsContentType><itemSize Sync="TRUE">0.000</itemSize><itemLocation><linkage Sync="TRUE">file://\\LenovoEZ\Documents\Transporte Público\Nely Patlán\dotdf.mx\temporales\pre500.shp</linkage><protocol Sync="TRUE">Local Area Network</protocol></itemLocation></itemProps><coordRef><type Sync="TRUE">Projected</type><geogcsn Sync="TRUE">GCS_WGS_1984</geogcsn><csUnits Sync="TRUE">Linear Unit: Meter (1.000000)</csUnits><projcsn Sync="TRUE">WGS_1984_UTM_Zone_14N</projcsn><peXml Sync="TRUE">&lt;ProjectedCoordinateSystem xsi:type='typens:ProjectedCoordinateSystem' xmlns:xsi='http://www.w3.org/2001/XMLSchema-instance' xmlns:xs='http://www.w3.org/2001/XMLSchema' xmlns:typens='http://www.esri.com/schemas/ArcGIS/10.1'&gt;&lt;WKT&gt;PROJCS[&amp;quot;WGS_1984_UTM_Zone_14N&amp;quot;,GEOGCS[&amp;quot;GCS_WGS_1984&amp;quot;,DATUM[&amp;quot;D_WGS_1984&amp;quot;,SPHEROID[&amp;quot;WGS_1984&amp;quot;,6378137.0,298.257223563]],PRIMEM[&amp;quot;Greenwich&amp;quot;,0.0],UNIT[&amp;quot;Degree&amp;quot;,0.0174532925199433]],PROJECTION[&amp;quot;Transverse_Mercator&amp;quot;],PARAMETER[&amp;quot;False_Easting&amp;quot;,500000.0],PARAMETER[&amp;quot;False_Northing&amp;quot;,0.0],PARAMETER[&amp;quot;Central_Meridian&amp;quot;,-99.0],PARAMETER[&amp;quot;Scale_Factor&amp;quot;,0.9996],PARAMETER[&amp;quot;Latitude_Of_Origin&amp;quot;,0.0],UNIT[&amp;quot;Meter&amp;quot;,1.0],AUTHORITY[&amp;quot;EPSG&amp;quot;,32614]]&lt;/WKT&gt;&lt;XOrigin&gt;-5120900&lt;/XOrigin&gt;&lt;YOrigin&gt;-9998100&lt;/YOrigin&gt;&lt;XYScale&gt;450445547.3910538&lt;/XYScale&gt;&lt;ZOrigin&gt;-100000&lt;/ZOrigin&gt;&lt;ZScale&gt;10000&lt;/ZScale&gt;&lt;MOrigin&gt;-100000&lt;/MOrigin&gt;&lt;MScale&gt;10000&lt;/MScale&gt;&lt;XYTolerance&gt;0.001&lt;/XYTolerance&gt;&lt;ZTolerance&gt;0.001&lt;/ZTolerance&gt;&lt;MTolerance&gt;0.001&lt;/MTolerance&gt;&lt;HighPrecision&gt;true&lt;/HighPrecision&gt;&lt;WKID&gt;32614&lt;/WKID&gt;&lt;LatestWKID&gt;32614&lt;/LatestWKID&gt;&lt;/ProjectedCoordinateSystem&gt;</peXml></coordRef></DataProperties><SyncDate>20150128</SyncDate><SyncTime>10402200</SyncTime><ModDate>20150128</ModDate><ModTime>10402200</ModTime></Esri><dataIdInfo><envirDesc Sync="TRUE"> Version 6.2 (Build 9200) ; Esri ArcGIS 10.1.0.3035</envirDesc><dataLang><languageCode value="spa" Sync="TRUE"></languageCode><countryCode value="MEX" Sync="TRUE"></countryCode></dataLang><idCitation><resTitle Sync="TRUE">pre500</resTitle><presForm><PresFormCd value="005" Sync="TRUE"></PresFormCd></presForm></idCitation><spatRpType><SpatRepTypCd value="001" Sync="TRUE"></SpatRepTypCd></spatRpType></dataIdInfo><mdLang><languageCode value="spa" Sync="TRUE"></languageCode><countryCode value="MEX" Sync="TRUE"></countryCode></mdLang><mdChar><CharSetCd value="004" Sync="TRUE"></CharSetCd></mdChar><distInfo><distFormat><formatName Sync="TRUE">Shapefile</formatName></distFormat><distTranOps><transSize Sync="TRUE">0.000</transSize></distTranOps></distInfo><mdHrLv><ScopeCd value="005" Sync="TRUE"></ScopeCd></mdHrLv><mdHrLvName Sync="TRUE">dataset</mdHrLvName><refSysInfo><RefSystem><refSysID><identCode code="32614" Sync="TRUE" value="32614"></identCode><idCodeSpace Sync="TRUE">EPSG</idCodeSpace><idVersion Sync="TRUE">7.9.4</idVersion></refSysID></RefSystem></refSysInfo><spatRepInfo><VectSpatRep><geometObjs Name="pre500"><geoObjTyp><GeoObjTypCd value="002" Sync="TRUE"></GeoObjTypCd></geoObjTyp><geoObjCnt Sync="TRUE">0</geoObjCnt></geometObjs><topLvl><TopoLevCd value="001" Sync="TRUE"></TopoLevCd></topLvl></VectSpatRep></spatRepInfo><spdoinfo><ptvctinf><esriterm Name="pre500"><efeatyp Sync="TRUE">Simple</efeatyp><efeageom code="4" Sync="TRUE"></efeageom><esritopo Sync="TRUE">FALSE</esritopo><efeacnt Sync="TRUE">0</efeacnt><spindex Sync="TRUE">FALSE</spindex><linrefer Sync="TRUE">FALSE</linrefer></esriterm></ptvctinf></spdoinfo><eainfo><detailed Name="pre500"><enttyp><enttypl Sync="TRUE">pre500</enttypl><enttypt Sync="TRUE">Feature Class</enttypt><enttypc Sync="TRUE">0</enttypc></enttyp><attr><attrlabl Sync="TRUE">FID</attrlabl><attalias Sync="TRUE">FID</attalias><attrtype Sync="TRUE">OID</attrtype><attwidth Sync="TRUE">4</attwidth><atprecis Sync="TRUE">0</atprecis><attscale Sync="TRUE">0</attscale><attrdef Sync="TRUE">Internal feature number.</attrdef><attrdefs Sync="TRUE">Esri</attrdefs><attrdomv><udom Sync="TRUE">Sequential unique whole numbers that are automatically generated.</udom></attrdomv></attr><attr><attrlabl Sync="TRUE">Shape</attrlabl><attalias Sync="TRUE">Shape</attalias><attrtype Sync="TRUE">Geometry</attrtype><attwidth Sync="TRUE">0</attwidth><atprecis Sync="TRUE">0</atprecis><attscale Sync="TRUE">0</attscale><attrdef Sync="TRUE">Feature geometry.</attrdef><attrdefs Sync="TRUE">Esri</attrdefs><attrdomv><udom Sync="TRUE">Coordinates defining the features.</udom></attrdomv></attr><attr><attrlabl Sync="TRUE">densidad</attrlabl><attalias Sync="TRUE">densidad</attalias><attrtype Sync="TRUE">SmallInteger</attrtype><attwidth Sync="TRUE">4</attwidth><atprecis Sync="TRUE">4</atprecis><attscale Sync="TRUE">0</attscale></attr><attr><attrlabl Sync="TRUE">empleo_r</attrlabl><attalias Sync="TRUE">empleo_r</attalias><attrtype Sync="TRUE">SmallInteger</attrtype><attwidth Sync="TRUE">4</attwidth><atprecis Sync="TRUE">4</atprecis><attscale Sync="TRUE">0</attscale></attr><attr><attrlabl Sync="TRUE">viv1_r</attrlabl><attalias Sync="TRUE">viv1_r</attalias><attrtype Sync="TRUE">SmallInteger</attrtype><attwidth Sync="TRUE">4</attwidth><atprecis Sync="TRUE">4</atprecis><attscale Sync="TRUE">0</attscale></attr><attr><attrlabl Sync="TRUE">eco4_r</attrlabl><attalias Sync="TRUE">eco4_r</attalias><attrtype Sync="TRUE">SmallInteger</attrtype><attwidth Sync="TRUE">4</attwidth><atprecis Sync="TRUE">4</atprecis><attscale Sync="TRUE">0</attscale></attr><attr><attrlabl Sync="TRUE">eco25_r</attrlabl><attalias Sync="TRUE">eco25_r</attalias><attrtype Sync="TRUE">SmallInteger</attrtype><attwidth Sync="TRUE">4</attwidth><atprecis Sync="TRUE">4</atprecis><attscale Sync="TRUE">0</attscale></attr><attr><attrlabl Sync="TRUE">disc_r</attrlabl><attalias Sync="TRUE">disc_r</attalias><attrtype Sync="TRUE">SmallInteger</attrtype><attwidth Sync="TRUE">4</attwidth><atprecis Sync="TRUE">4</atprecis><attscale Sync="TRUE">0</attscale></attr><attr><attrlabl Sync="TRUE">viv28_r</attrlabl><attalias Sync="TRUE">viv28_r</attalias><attrtype Sync="TRUE">SmallInteger</attrtype><attwidth Sync="TRUE">4</attwidth><atprecis Sync="TRUE">4</atprecis><attscale Sync="TRUE">0</attscale></attr><attr><attrlabl Sync="TRUE">pob1</attrlabl><attalias Sync="TRUE">pob1</attalias><attrtype Sync="TRUE">Integer</attrtype><attwidth Sync="TRUE">9</attwidth><atprecis Sync="TRUE">9</atprecis><attscale Sync="TRUE">0</attscale></attr><attr><attrlabl Sync="TRUE">ID_Circulo</attrlabl><attalias Sync="TRUE">ID_Circulo</attalias><attrtype Sync="TRUE">Integer</attrtype><attwidth Sync="TRUE">9</attwidth><atprecis Sync="TRUE">9</atprecis><attscale Sync="TRUE">0</attscale></attr><attr><attrlabl Sync="TRUE">Name</attrlabl><attalias Sync="TRUE">Name</attalias><attrtype Sync="TRUE">String</attrtype><attwidth Sync="TRUE">60</attwidth><atprecis Sync="TRUE">0</atprecis><attscale Sync="TRUE">0</attscale></attr><attr><attrlabl Sync="TRUE">RUTA</attrlabl><attalias Sync="TRUE">RUTA</attalias><attrtype Sync="TRUE">String</attrtype><attwidth Sync="TRUE">50</attwidth><atprecis Sync="TRUE">0</atprecis><attscale Sync="TRUE">0</attscale></attr><attr><attrlabl Sync="TRUE">ADICIONAL</attrlabl><attalias Sync="TRUE">ADICIONAL</attalias><attrtype Sync="TRUE">String</attrtype><attwidth Sync="TRUE">50</attwidth><atprecis Sync="TRUE">0</atprecis><attscale Sync="TRUE">0</attscale></attr><attr><attrlabl Sync="TRUE">Dirección</attrlabl><attalias Sync="TRUE">Dirección</attalias><attrtype Sync="TRUE">String</attrtype><attwidth Sync="TRUE">50</attwidth><atprecis Sync="TRUE">0</atprecis><attscale Sync="TRUE">0</attscale></attr><attr><attrlabl Sync="TRUE">gmu</attrlabl><attalias Sync="TRUE">gmu</attalias><attrtype Sync="TRUE">String</attrtype><attwidth Sync="TRUE">50</attwidth><atprecis Sync="TRUE">0</atprecis><attscale Sync="TRUE">0</attscale></attr><attr><attrlabl Sync="TRUE">nse</attrlabl><attalias Sync="TRUE">nse</attalias><attrtype Sync="TRUE">String</attrtype><attwidth Sync="TRUE">50</attwidth><atprecis Sync="TRUE">0</atprecis><attscale Sync="TRUE">0</attscale></attr><attr><attrlabl Sync="TRUE">viv0</attrlabl><attalias Sync="TRUE">viv0</attalias><attrtype Sync="TRUE">Integer</attrtype><attwidth Sync="TRUE">9</attwidth><atprecis Sync="TRUE">9</atprecis><attscale Sync="TRUE">0</attscale></attr><attr><attrlabl Sync="TRUE">AGENCIA</attrlabl><attalias Sync="TRUE">AGENCIA</attalias><attrtype Sync="TRUE">String</attrtype><attwidth Sync="TRUE">50</attwidth><atprecis Sync="TRUE">0</atprecis><attscale Sync="TRUE">0</attscale></attr></detailed></eainfo><mdDateSt Sync="TRUE">20150128</mdDateSt></metadata>
