<?xml version="1.0" encoding="UTF-8"?>
<metadata xml:lang="es"><Esri><CreaDate>20130923</CreaDate><CreaTime>20371100</CreaTime><ArcGISFormat>1.0</ArcGISFormat><SyncOnce>FALSE</SyncOnce><DataProperties><itemProps><itemName Sync="TRUE">aero</itemName><imsContentType Sync="TRUE">002</imsContentType><itemSize Sync="TRUE">0.000</itemSize><itemLocation><linkage Sync="TRUE">file://\\PC\Users\nely\Dropbox\Mapas DOT\AGEB\aero.shp</linkage><protocol Sync="TRUE">Local Area Network</protocol></itemLocation></itemProps><coordRef><type Sync="TRUE">Projected</type><geogcsn Sync="TRUE">GCS_WGS_1984</geogcsn><peXml Sync="TRUE">&lt;ProjectedCoordinateSystem xsi:type='typens:ProjectedCoordinateSystem' xmlns:xsi='http://www.w3.org/2001/XMLSchema-instance' xmlns:xs='http://www.w3.org/2001/XMLSchema' xmlns:typens='http://www.esri.com/schemas/ArcGIS/10.0'&gt;&lt;WKT&gt;PROJCS[&amp;quot;WGS_1984_UTM_Zone_14N&amp;quot;,GEOGCS[&amp;quot;GCS_WGS_1984&amp;quot;,DATUM[&amp;quot;D_WGS_1984&amp;quot;,SPHEROID[&amp;quot;WGS_1984&amp;quot;,6378137.0,298.257223563]],PRIMEM[&amp;quot;Greenwich&amp;quot;,0.0],UNIT[&amp;quot;Degree&amp;quot;,0.0174532925199433]],PROJECTION[&amp;quot;Transverse_Mercator&amp;quot;],PARAMETER[&amp;quot;False_Easting&amp;quot;,500000.0],PARAMETER[&amp;quot;False_Northing&amp;quot;,0.0],PARAMETER[&amp;quot;Central_Meridian&amp;quot;,-99.0],PARAMETER[&amp;quot;Scale_Factor&amp;quot;,0.9996],PARAMETER[&amp;quot;Latitude_Of_Origin&amp;quot;,0.0],UNIT[&amp;quot;Meter&amp;quot;,1.0],AUTHORITY[&amp;quot;EPSG&amp;quot;,32614]]&lt;/WKT&gt;&lt;XOrigin&gt;-5120900&lt;/XOrigin&gt;&lt;YOrigin&gt;-9998100&lt;/YOrigin&gt;&lt;XYScale&gt;450445547.3910538&lt;/XYScale&gt;&lt;ZOrigin&gt;-100000&lt;/ZOrigin&gt;&lt;ZScale&gt;10000&lt;/ZScale&gt;&lt;MOrigin&gt;-100000&lt;/MOrigin&gt;&lt;MScale&gt;10000&lt;/MScale&gt;&lt;XYTolerance&gt;0.001&lt;/XYTolerance&gt;&lt;ZTolerance&gt;0.001&lt;/ZTolerance&gt;&lt;MTolerance&gt;0.001&lt;/MTolerance&gt;&lt;HighPrecision&gt;true&lt;/HighPrecision&gt;&lt;WKID&gt;32614&lt;/WKID&gt;&lt;/ProjectedCoordinateSystem&gt;</peXml><projcsn Sync="TRUE">WGS_1984_UTM_Zone_14N</projcsn></coordRef><lineage><Process ToolSource="C:\Program Files (x86)\ArcGIS\Desktop10.0\ArcToolbox\Toolboxes\Conversion Tools.tbx\FeatureClassToFeatureClass" Date="20130808" Time="164826">FeatureClassToFeatureClass "C:\Users\ssocialtp\Desktop\Dropbox\Mapa Concurso\Info SETRAVI\StopsMexibus1.gdb\Placemarks\Placemarks_point" "C:\Users\ssocialtp\Desktop\Dropbox\Mapa Concurso\Info SETRAVI" EstacionesMexibus1.shp # "Name "Name" true true false 255 Text 0 0 ,First,#,C:\Users\ssocialtp\Desktop\Dropbox\Mapa Concurso\Info SETRAVI\StopsMexibus1.gdb\Placemarks\Placemarks_point,Name,-1,-1;FolderPath "FolderPath" true true false 255 Text 0 0 ,First,#,C:\Users\ssocialtp\Desktop\Dropbox\Mapa Concurso\Info SETRAVI\StopsMexibus1.gdb\Placemarks\Placemarks_point,FolderPath,-1,-1;SymbolID "SymbolID" true true false 4 Long 0 0 ,First,#,C:\Users\ssocialtp\Desktop\Dropbox\Mapa Concurso\Info SETRAVI\StopsMexibus1.gdb\Placemarks\Placemarks_point,SymbolID,-1,-1;AltitudeMo "AltitudeMode" true true false 2 Short 0 0 ,First,#,C:\Users\ssocialtp\Desktop\Dropbox\Mapa Concurso\Info SETRAVI\StopsMexibus1.gdb\Placemarks\Placemarks_point,AltitudeMode,-1,-1;Snippet "Snippet" true true false 268435455 Text 0 0 ,First,#,C:\Users\ssocialtp\Desktop\Dropbox\Mapa Concurso\Info SETRAVI\StopsMexibus1.gdb\Placemarks\Placemarks_point,Snippet,-1,-1;PopupInfo "PopupInfo" true true false 268435455 Text 0 0 ,First,#,C:\Users\ssocialtp\Desktop\Dropbox\Mapa Concurso\Info SETRAVI\StopsMexibus1.gdb\Placemarks\Placemarks_point,PopupInfo,-1,-1" #</Process><Process ToolSource="C:\Program Files (x86)\ArcGIS\Desktop10.0\ArcToolbox\Toolboxes\Data Management Tools.tbx\Project" Date="20130923" Time="203711">Project EstacionesMexibus1 "C:\Users\nely\Desktop\mapas vk\estaciones\Mexibus\Mexibus1_1.shp" PROJCS['WGS_1984_UTM_Zone_14N',GEOGCS['GCS_WGS_1984',DATUM['D_WGS_1984',SPHEROID['WGS_1984',6378137.0,298.257223563]],PRIMEM['Greenwich',0.0],UNIT['Degree',0.0174532925199433]],PROJECTION['Transverse_Mercator'],PARAMETER['False_Easting',500000.0],PARAMETER['False_Northing',0.0],PARAMETER['Central_Meridian',-99.0],PARAMETER['Scale_Factor',0.9996],PARAMETER['Latitude_Of_Origin',0.0],UNIT['Meter',1.0]] # GEOGCS['GCS_WGS_1984',DATUM['D_WGS_1984',SPHEROID['WGS_1984',6378137.0,298.257223563]],PRIMEM['Greenwich',0.0],UNIT['Degree',0.0174532925199433]]</Process><Process ToolSource="C:\Program Files (x86)\ArcGIS\Desktop10.0\ArcToolbox\Toolboxes\Data Management Tools.tbx\Merge" Date="20130923" Time="213106">Merge Mexibus1_1;EstacionesMexibus3_1;suburbano;masivo "C:\Users\nely\Desktop\mapas vk\estaciones\masivo_2.shp" "Name "Name" true true false 254 Text 0 0 ,First,#,Mexibus1_1,Name,-1,-1,EstacionesMexibus3_1,NAME,-1,-1,suburbano,NAME,-1,-1,masivo,NAME,-1,-1;FolderPath "FolderPath" true true false 254 Text 0 0 ,First,#,Mexibus1_1,FolderPath,-1,-1,suburbano,FolderPath,-1,-1,masivo,FolderPath,-1,-1;SymbolID "SymbolID" true true false 9 Long 0 9 ,First,#,Mexibus1_1,SymbolID,-1,-1,suburbano,SymbolID,-1,-1,masivo,SymbolID,-1,-1;AltitudeMo "AltitudeMo" true true false 4 Short 0 4 ,First,#,Mexibus1_1,AltitudeMo,-1,-1,suburbano,AltitudeMo,-1,-1,masivo,AltitudeMo,-1,-1;Snippet "Snippet" true true false 254 Text 0 0 ,First,#,Mexibus1_1,Snippet,-1,-1,suburbano,Snippet,-1,-1,masivo,Snippet,-1,-1;PopupInfo "PopupInfo" true true false 254 Text 0 0 ,First,#,Mexibus1_1,PopupInfo,-1,-1,suburbano,PopupInfo,-1,-1,masivo,PopupInfo,-1,-1;EXPRESS1 "EXPRESS1" true true false 10 Text 0 0 ,First,#,EstacionesMexibus3_1,EXPRESS1,-1,-1,suburbano,EXPRESS1,-1,-1,masivo,EXPRESS1,-1,-1;EXPRESS2 "EXPRESS2" true true false 10 Text 0 0 ,First,#,EstacionesMexibus3_1,EXPRESS2,-1,-1,suburbano,EXPRESS2,-1,-1,masivo,EXPRESS2,-1,-1;NOESTACION "NOESTACION" true true false 4 Short 0 4 ,First,#,EstacionesMexibus3_1,NOESTACION,-1,-1,suburbano,NOESTACION,-1,-1,masivo,NOESTACION,-1,-1;OID_1 "OID_1" true true false 9 Long 0 9 ,First,#,EstacionesMexibus3_1,OID_1,-1,-1,suburbano,OID_1,-1,-1,masivo,OID_1,-1,-1;X "X" true true false 19 Double 0 0 ,First,#,EstacionesMexibus3_1,X,-1,-1,suburbano,X,-1,-1,masivo,X,-1,-1;Y "Y" true true false 19 Double 0 0 ,First,#,EstacionesMexibus3_1,Y,-1,-1,suburbano,Y,-1,-1,masivo,Y,-1,-1;Ordinario "Ordinario" true true false 11 Text 0 0 ,First,#,EstacionesMexibus3_1,Ordinario,-1,-1,suburbano,Ordinario,-1,-1,masivo,Ordinario,-1,-1;ORIG_FID "ORIG_FID" true true false 9 Long 0 9 ,First,#,suburbano,ORIG_FID,-1,-1,masivo,ORIG_FID,-1,-1;AGENCIA "AGENCIA" true true false 50 Text 0 0 ,First,#,suburbano,AGENCIA,-1,-1,masivo,AGENCIA,-1,-1"</Process><Process ToolSource="C:\Program Files (x86)\ArcGIS\Desktop10.0\ArcToolbox\Toolboxes\Data Management Tools.tbx\Merge" Date="20131106" Time="095847">Merge masivo_2;Estaciones_STE;Linea5 "C:\Users\nely\Dropbox\Mapas DOT\Estaciones\masivo.shp" "Name "Name" true true false 254 Text 0 0 ,First,#,masivo_2,Name,-1,-1,Estaciones_STE,NAME,-1,-1,Linea5,Name,-1,-1;FolderPath "FolderPath" true true false 254 Text 0 0 ,First,#,masivo_2,FolderPath,-1,-1,Estaciones_STE,FolderPath,-1,-1;SymbolID "SymbolID" true true false 9 Long 0 9 ,First,#,masivo_2,SymbolID,-1,-1,Estaciones_STE,SymbolID,-1,-1;AltitudeMo "AltitudeMo" true true false 4 Short 0 4 ,First,#,masivo_2,AltitudeMo,-1,-1,Estaciones_STE,AltitudeMo,-1,-1;Snippet "Snippet" true true false 254 Text 0 0 ,First,#,masivo_2,Snippet,-1,-1,Estaciones_STE,Snippet,-1,-1;PopupInfo "PopupInfo" true true false 254 Text 0 0 ,First,#,masivo_2,PopupInfo,-1,-1,Estaciones_STE,PopupInfo,-1,-1;EXPRESS1 "EXPRESS1" true true false 10 Text 0 0 ,First,#,masivo_2,EXPRESS1,-1,-1,Estaciones_STE,EXPRESS1,-1,-1;EXPRESS2 "EXPRESS2" true true false 10 Text 0 0 ,First,#,masivo_2,EXPRESS2,-1,-1,Estaciones_STE,EXPRESS2,-1,-1;NOESTACION "NOESTACION" true true false 4 Short 0 4 ,First,#,masivo_2,NOESTACION,-1,-1,Estaciones_STE,NOESTACION,-1,-1;OID_1 "OID_1" true true false 9 Long 0 9 ,First,#,masivo_2,OID_1,-1,-1,Estaciones_STE,OID_1,-1,-1;X "X" true true false 19 Double 0 0 ,First,#,masivo_2,X,-1,-1,Estaciones_STE,X,-1,-1;Y "Y" true true false 19 Double 0 0 ,First,#,masivo_2,Y,-1,-1,Estaciones_STE,Y,-1,-1;Ordinario "Ordinario" true true false 11 Text 0 0 ,First,#,masivo_2,Ordinario,-1,-1,Estaciones_STE,Ordinario,-1,-1;ORIG_FID "ORIG_FID" true true false 9 Long 0 9 ,First,#,masivo_2,ORIG_FID,-1,-1,Estaciones_STE,ORIG_FID,-1,-1;AGENCIA "AGENCIA" true true false 50 Text 0 0 ,First,#,masivo_2,AGENCIA,-1,-1,Estaciones_STE,AGENCIA,-1,-1"</Process><Process ToolSource="C:\Program Files (x86)\ArcGIS\Desktop10.0\ArcToolbox\Toolboxes\Analysis Tools.tbx\Buffer" Date="20131106" Time="095958">Buffer masivo "C:\Users\nely\Dropbox\Mapas DOT\Procesos\800.shp" "800 Meters" FULL ROUND ALL #</Process><Process ToolSource="C:\Program Files (x86)\ArcGIS\Desktop10.0\ArcToolbox\Toolboxes\Analysis Tools.tbx\Clip" Date="20140217" Time="151055">Clip 800 aeropuerto "C:\Users\nely\Dropbox\Mapas DOT\AGEB\aero.shp" #</Process></lineage></DataProperties><SyncDate>20140217</SyncDate><SyncTime>15105400</SyncTime><ModDate>20140217</ModDate><ModTime>15105400</ModTime></Esri><dataIdInfo><envirDesc Sync="TRUE"> Version 6.2 (Build 9200) ; ESRI ArcGIS 10.0.0.2414</envirDesc><dataLang><languageCode value="spa" country="MEX"></languageCode></dataLang><idCitation><resTitle Sync="TRUE">aero</resTitle><presForm><PresFormCd value="005"></PresFormCd></presForm></idCitation><descKeys><thesaName uuidref="723f6998-058e-11dc-8314-0800200c9a66"></thesaName><keyword Sync="TRUE">002</keyword></descKeys><spatRpType><SpatRepTypCd value="001"></SpatRepTypCd></spatRpType></dataIdInfo><mdLang><languageCode value="spa"></languageCode></mdLang><mdChar><CharSetCd value="004"></CharSetCd></mdChar><distInfo><distFormat><formatName Sync="TRUE">Shapefile</formatName></distFormat><distTranOps><transSize Sync="TRUE">0.000</transSize></distTranOps></distInfo><mdHrLv><ScopeCd value="005"></ScopeCd></mdHrLv><mdHrLvName Sync="TRUE">dataset</mdHrLvName><refSysInfo><RefSystem><refSysID><identCode code="32614"></identCode><idCodeSpace Sync="TRUE">EPSG</idCodeSpace><idVersion Sync="TRUE">7.4.1</idVersion></refSysID></RefSystem></refSysInfo><spdoinfo><ptvctinf><esriterm Name="aero"><efeatyp Sync="TRUE">Simple</efeatyp><efeageom Sync="TRUE">4</efeageom><esritopo Sync="TRUE">FALSE</esritopo><efeacnt Sync="TRUE">0</efeacnt><spindex Sync="TRUE">FALSE</spindex><linrefer Sync="TRUE">FALSE</linrefer></esriterm></ptvctinf></spdoinfo><spatRepInfo><VectSpatRep><topLvl><TopoLevCd value="001"></TopoLevCd></topLvl><geometObjs><geoObjTyp><GeoObjTypCd value="002"></GeoObjTypCd><geoObjCnt Sync="TRUE">0</geoObjCnt></geoObjTyp></geometObjs></VectSpatRep></spatRepInfo><eainfo><detailed Name="aero"><enttyp><enttypl Sync="TRUE">aero</enttypl><enttypt Sync="TRUE">Feature Class</enttypt><enttypc Sync="TRUE">0</enttypc></enttyp><attr><attrlabl Sync="TRUE">FID</attrlabl><attalias Sync="TRUE">FID</attalias><attrtype Sync="TRUE">OID</attrtype><attwidth Sync="TRUE">4</attwidth><atprecis Sync="TRUE">0</atprecis><attscale Sync="TRUE">0</attscale><attrdef Sync="TRUE">Internal feature number.</attrdef><attrdefs Sync="TRUE">ESRI</attrdefs><attrdomv><udom Sync="TRUE">Sequential unique whole numbers that are automatically generated.</udom></attrdomv></attr><attr><attrlabl Sync="TRUE">Shape</attrlabl><attalias Sync="TRUE">Shape</attalias><attrtype Sync="TRUE">Geometry</attrtype><attwidth Sync="TRUE">0</attwidth><atprecis Sync="TRUE">0</atprecis><attscale Sync="TRUE">0</attscale><attrdef Sync="TRUE">Feature geometry.</attrdef><attrdefs Sync="TRUE">ESRI</attrdefs><attrdomv><udom Sync="TRUE">Coordinates defining the features.</udom></attrdomv></attr><attr><attrlabl Sync="TRUE">Id</attrlabl><attalias Sync="TRUE">Id</attalias><attrtype Sync="TRUE">Integer</attrtype><attwidth Sync="TRUE">6</attwidth><atprecis Sync="TRUE">6</atprecis><attscale Sync="TRUE">0</attscale></attr></detailed></eainfo><mdDateSt Sync="TRUE">20140217</mdDateSt></metadata>
