<?xml version="1.0" encoding="UTF-8"?>
<metadata xml:lang="es"><Esri><CreaDate>20150224</CreaDate><CreaTime>05054900</CreaTime><ArcGISFormat>1.0</ArcGISFormat><SyncOnce>TRUE</SyncOnce><DataProperties><lineage><Process ToolSource="C:\Program Files (x86)\ArcGIS\Desktop10.0\ArcToolbox\Toolboxes\Data Management Tools.tbx\CalculateField" Date="20140108" Time="124504" Name="" export="">CalculateField AGEB densidad "[pob1] / [sup1]" VB #</Process><Process ToolSource="C:\Program Files (x86)\ArcGIS\Desktop10.0\ArcToolbox\Toolboxes\Data Management Tools.tbx\CalculateField" Date="20140108" Time="124553" Name="" export="">CalculateField AGEB densidad_2 "[pob1] / [sup2]" VB #</Process><Process ToolSource="C:\Program Files (x86)\ArcGIS\Desktop10.0\ArcToolbox\Toolboxes\Data Management Tools.tbx\CalculateField" Date="20140108" Time="124935" Name="" export="">CalculateField AGEB eco4_r "[eco4]/ [pob1] * 100" VB #</Process><Process ToolSource="C:\Program Files (x86)\ArcGIS\Desktop10.0\ArcToolbox\Toolboxes\Data Management Tools.tbx\CalculateField" Date="20140123" Time="172528" Name="" export="">CalculateField AGEB densidad_2 "[pob1] / [sup2]" VB #</Process><Process ToolSource="C:\Program Files (x86)\ArcGIS\Desktop10.0\ArcToolbox\Toolboxes\Data Management Tools.tbx\CalculateField" Date="20140123" Time="172556" Name="" export="">CalculateField AGEB densidad "[pob1] / [sup1]" VB #</Process><Process ToolSource="C:\Program Files (x86)\ArcGIS\Desktop10.0\ArcToolbox\Toolboxes\Analysis Tools.tbx\Near" Date="20140226" Time="135602" Name="" export="">Near AGEB points # NO_LOCATION NO_ANGLE</Process><Process ToolSource="C:\Program Files (x86)\ArcGIS\Desktop10.0\ArcToolbox\Toolboxes\Data Management Tools.tbx\CalculateField" Date="20140226" Time="160903" Name="" export="">CalculateField AGEB STE "Parada STE" VB #</Process><Process ToolSource="C:\Program Files (x86)\ArcGIS\Desktop10.0\ArcToolbox\Toolboxes\Data Management Tools.tbx\Project" Date="20140312" Time="172255" Name="" export="">Project AGEB "C:\Users\nely\Dropbox\Mapas DOT\masivo\AGEB_1.shp" PROJCS['WGS_1984_UTM_Zone_14N',GEOGCS['GCS_WGS_1984',DATUM['D_WGS_1984',SPHEROID['WGS_1984',6378137.0,298.257223563]],PRIMEM['Greenwich',0.0],UNIT['Degree',0.0174532925199433]],PROJECTION['Transverse_Mercator'],PARAMETER['False_Easting',500000.0],PARAMETER['False_Northing',0.0],PARAMETER['Central_Meridian',-99.0],PARAMETER['Scale_Factor',0.9996],PARAMETER['Latitude_Of_Origin',0.0],UNIT['Meter',1.0]] # PROJCS['International_Terrestrial_Reference_Frame_1992Lambert_Conformal',GEOGCS['GCS_International_Terrestrial_Reference_Frame_1992',DATUM['International_Terrestrial_Reference_Frame_1992',SPHEROID['GRS_1980',6378137.0,298.257222101]],PRIMEM['Greenwich',0.0],UNIT['Degree',0.0174532925199433]],PROJECTION['Lambert_Conformal_Conic'],PARAMETER['False_Easting',2500000.0],PARAMETER['False_Northing',0.0],PARAMETER['Central_Meridian',-102.0],PARAMETER['Standard_Parallel_1',17.5],PARAMETER['Standard_Parallel_2',29.5],PARAMETER['Scale_Factor',1.0],PARAMETER['Latitude_Of_Origin',12.0],UNIT['Meter',1.0]]</Process><Process ToolSource="c:\program files (x86)\arcgis\desktop10.1\ArcToolbox\Toolboxes\Data Management Tools.tbx\CalculateField" Date="20140522" Time="162128" Name="" export="">CalculateField ageb densidad "[pob1] / [sup]" VB #</Process><Process ToolSource="c:\program files (x86)\arcgis\desktop10.1\ArcToolbox\Toolboxes\Data Management Tools.tbx\CalculateField" Date="20140522" Time="162228" Name="" export="">CalculateField ageb eco25_r "0" VB #</Process><Process ToolSource="c:\program files (x86)\arcgis\desktop10.1\ArcToolbox\Toolboxes\Data Management Tools.tbx\CalculateField" Date="20140522" Time="162311" Name="" export="">CalculateField ageb eco4_r "0" VB #</Process><Process ToolSource="c:\program files (x86)\arcgis\desktop10.1\ArcToolbox\Toolboxes\Data Management Tools.tbx\CalculateField" Date="20140522" Time="162408" Name="" export="">CalculateField ageb disc1_r "0" VB #</Process><Process ToolSource="c:\program files (x86)\arcgis\desktop10.1\ArcToolbox\Toolboxes\Data Management Tools.tbx\CalculateField" Date="20140522" Time="162500" Name="" export="">CalculateField ageb empleo_r "[empleo] / [sup] " VB #</Process><Process ToolSource="c:\program files (x86)\arcgis\desktop10.1\ArcToolbox\Toolboxes\Data Management Tools.tbx\CalculateField" Date="20140523" Time="161012" Name="" export="">CalculateField ageb municipio "Tizayuca" VB #</Process><Process ToolSource="c:\program files (x86)\arcgis\desktop10.1\ArcToolbox\Toolboxes\Data Management Tools.tbx\CalculateField" Date="20140523" Time="163431" Name="" export="">CalculateField ageb nse [NSE_proxy] VB #</Process><Process ToolSource="c:\program files (x86)\arcgis\desktop10.1\ArcToolbox\Toolboxes\Data Management Tools.tbx\CalculateField" Date="20140523" Time="163445" Name="" export="">CalculateField ageb gmu [GMU2010] VB #</Process></lineage></DataProperties><ModDate>20140815</ModDate><ModTime>14204800</ModTime><scaleRange><minScale>150000000</minScale><maxScale>5000</maxScale></scaleRange><ArcGISProfile>ItemDescription</ArcGISProfile></Esri><dataIdInfo><idPurp>La capa base de la que se extrajeron los datos para los radios de influencia de las estaciones de transporte público masivo de la Zona Metropolitana del Valle de México.</idPurp><idAbs>&lt;DIV STYLE="text-align:Left;"&gt;&lt;DIV&gt;&lt;DIV&gt;&lt;P STYLE="text-align:Justify;margin:0 0 14 0;"&gt;&lt;SPAN&gt;Capa elaborada con las AGEB urbanas disponibles en el SCINCE 2010 del Instituto Nacional de Estadística y Geografía.&lt;/SPAN&gt;&lt;/P&gt;&lt;/DIV&gt;&lt;/DIV&gt;&lt;/DIV&gt;</idAbs><idCredit>INEGI, ITDP México.</idCredit><idCitation><resTitle>AGEB</resTitle></idCitation><searchKeys><keyword>AGEB</keyword><keyword>transporte público</keyword><keyword>DOTDF</keyword><keyword>ITDP México</keyword><keyword>CiudadesDOT.</keyword></searchKeys></dataIdInfo></metadata>
