<?xml version="1.0" encoding="UTF-8"?>
<metadata xml:lang="es"><Esri><CreaDate>20140226</CreaDate><CreaTime>16343300</CreaTime><ArcGISFormat>1.0</ArcGISFormat><SyncOnce>FALSE</SyncOnce><DataProperties><itemProps><itemName Sync="TRUE">AGEB</itemName><imsContentType Sync="TRUE">002</imsContentType><itemSize Sync="TRUE">0.000</itemSize><itemLocation><linkage Sync="TRUE">file://\\PC\Users\nely\Dropbox\Mapas DOT\ZMVM\AGEB.shp</linkage><protocol Sync="TRUE">Local Area Network</protocol></itemLocation></itemProps><coordRef><type Sync="TRUE">Projected</type><geogcsn Sync="TRUE">GCS_International_Terrestrial_Reference_Frame_1992</geogcsn><projcsn Sync="TRUE">International_Terrestrial_Reference_Frame_1992Lambert_Conformal</projcsn><peXml Sync="TRUE">&lt;ProjectedCoordinateSystem xsi:type='typens:ProjectedCoordinateSystem' xmlns:xsi='http://www.w3.org/2001/XMLSchema-instance' xmlns:xs='http://www.w3.org/2001/XMLSchema' xmlns:typens='http://www.esri.com/schemas/ArcGIS/10.0'&gt;&lt;WKT&gt;PROJCS[&amp;quot;International_Terrestrial_Reference_Frame_1992Lambert_Conformal&amp;quot;,GEOGCS[&amp;quot;GCS_International_Terrestrial_Reference_Frame_1992&amp;quot;,DATUM[&amp;quot;International_Terrestrial_Reference_Frame_1992&amp;quot;,SPHEROID[&amp;quot;GRS_1980&amp;quot;,6378137.0,298.257222101]],PRIMEM[&amp;quot;Greenwich&amp;quot;,0.0],UNIT[&amp;quot;Degree&amp;quot;,0.0174532925199433]],PROJECTION[&amp;quot;Lambert_Conformal_Conic&amp;quot;],PARAMETER[&amp;quot;False_Easting&amp;quot;,2500000.0],PARAMETER[&amp;quot;False_Northing&amp;quot;,0.0],PARAMETER[&amp;quot;Central_Meridian&amp;quot;,-102.0],PARAMETER[&amp;quot;Standard_Parallel_1&amp;quot;,17.5],PARAMETER[&amp;quot;Standard_Parallel_2&amp;quot;,29.5],PARAMETER[&amp;quot;Scale_Factor&amp;quot;,1.0],PARAMETER[&amp;quot;Latitude_Of_Origin&amp;quot;,12.0],UNIT[&amp;quot;Meter&amp;quot;,1.0]]&lt;/WKT&gt;&lt;XOrigin&gt;-37031600&lt;/XOrigin&gt;&lt;YOrigin&gt;-25743800&lt;/YOrigin&gt;&lt;XYScale&gt;113924041.20679393&lt;/XYScale&gt;&lt;ZOrigin&gt;-100000&lt;/ZOrigin&gt;&lt;ZScale&gt;10000&lt;/ZScale&gt;&lt;MOrigin&gt;-100000&lt;/MOrigin&gt;&lt;MScale&gt;10000&lt;/MScale&gt;&lt;XYTolerance&gt;0.001&lt;/XYTolerance&gt;&lt;ZTolerance&gt;0.001&lt;/ZTolerance&gt;&lt;MTolerance&gt;0.001&lt;/MTolerance&gt;&lt;HighPrecision&gt;true&lt;/HighPrecision&gt;&lt;/ProjectedCoordinateSystem&gt;</peXml></coordRef><lineage><Process ToolSource="C:\Program Files (x86)\ArcGIS\Desktop10.0\ArcToolbox\Toolboxes\Analysis Tools.tbx\Clip" Date="20131120" Time="135713">Clip ageb_urb ZMVM "C:\Users\nely\Dropbox\Mapas DOT\Cartografía\AGEB_TIZA.shp" #</Process><Process ToolSource="C:\Program Files (x86)\ArcGIS\Desktop10.0\ArcToolbox\Toolboxes\Data Management Tools.tbx\Merge" Date="20131120" Time="135840">Merge AGEB_TIZA;AGEB_DF;ageb_urb "C:\Users\nely\Dropbox\Mapas DOT\ZMVM\AGEB.shp" "CVEGEO "CVEGEO" true true false 13 Text 0 0 ,First,#,AGEB_TIZA,CVEGEO,-1,-1,AGEB_DF,CVEGEO,-1,-1,ageb_urb,CVEGEO,-1,-1;POB1 "POB1" true true false 9 Long 0 9 ,First,#,AGEB_TIZA,POB1,-1,-1,AGEB_DF,POB1,-1,-1,ageb_urb,POB1,-1,-1;POB2 "POB2" true true false 4 Short 0 4 ,First,#,AGEB_TIZA,POB2,-1,-1,AGEB_DF,POB2,-1,-1,ageb_urb,POB2,-1,-1;POB2_R "POB2_R" true true false 19 Double 8 18 ,First,#,AGEB_TIZA,POB2_R,-1,-1,AGEB_DF,POB2_R,-1,-1,ageb_urb,POB2_R,-1,-1;POB3 "POB3" true true false 4 Short 0 4 ,First,#,AGEB_TIZA,POB3,-1,-1,AGEB_DF,POB3,-1,-1,ageb_urb,POB3,-1,-1;POB3_R "POB3_R" true true false 19 Double 8 18 ,First,#,AGEB_TIZA,POB3_R,-1,-1,AGEB_DF,POB3_R,-1,-1,ageb_urb,POB3_R,-1,-1;POB4 "POB4" true true false 4 Short 0 4 ,First,#,AGEB_TIZA,POB4,-1,-1,AGEB_DF,POB4,-1,-1,ageb_urb,POB4,-1,-1;POB4_R "POB4_R" true true false 19 Double 8 18 ,First,#,AGEB_TIZA,POB4_R,-1,-1,AGEB_DF,POB4_R,-1,-1,ageb_urb,POB4_R,-1,-1;POB5 "POB5" true true false 4 Short 0 4 ,First,#,AGEB_TIZA,POB5,-1,-1,AGEB_DF,POB5,-1,-1,ageb_urb,POB5,-1,-1;POB5_R "POB5_R" true true false 19 Double 8 18 ,First,#,AGEB_TIZA,POB5_R,-1,-1,AGEB_DF,POB5_R,-1,-1,ageb_urb,POB5_R,-1,-1;POB6 "POB6" true true false 4 Short 0 4 ,First,#,AGEB_TIZA,POB6,-1,-1,AGEB_DF,POB6,-1,-1,ageb_urb,POB6,-1,-1;POB6_R "POB6_R" true true false 19 Double 8 18 ,First,#,AGEB_TIZA,POB6_R,-1,-1,AGEB_DF,POB6_R,-1,-1,ageb_urb,POB6_R,-1,-1;POB7 "POB7" true true false 4 Short 0 4 ,First,#,AGEB_TIZA,POB7,-1,-1,ageb_urb,POB7,-1,-1;POB7_R "POB7_R" true true false 19 Double 8 18 ,First,#,AGEB_TIZA,POB7_R,-1,-1,AGEB_DF,POB7_R,-1,-1,ageb_urb,POB7_R,-1,-1;POB8 "POB8" true true false 4 Short 0 4 ,First,#,AGEB_TIZA,POB8,-1,-1,AGEB_DF,POB8,-1,-1,ageb_urb,POB8,-1,-1;POB8_R "POB8_R" true true false 19 Double 8 18 ,First,#,AGEB_TIZA,POB8_R,-1,-1,AGEB_DF,POB8_R,-1,-1,ageb_urb,POB8_R,-1,-1;POB9 "POB9" true true false 4 Short 0 4 ,First,#,AGEB_TIZA,POB9,-1,-1,AGEB_DF,POB9,-1,-1,ageb_urb,POB9,-1,-1;POB9_R "POB9_R" true true false 19 Double 8 18 ,First,#,AGEB_TIZA,POB9_R,-1,-1,AGEB_DF,POB9_R,-1,-1,ageb_urb,POB9_R,-1,-1;POB10 "POB10" true true false 4 Short 0 4 ,First,#,AGEB_TIZA,POB10,-1,-1,AGEB_DF,POB10,-1,-1,ageb_urb,POB10,-1,-1;POB10_R "POB10_R" true true false 19 Double 8 18 ,First,#,AGEB_TIZA,POB10_R,-1,-1,AGEB_DF,POB10_R,-1,-1,ageb_urb,POB10_R,-1,-1;POB11 "POB11" true true false 4 Short 0 4 ,First,#,AGEB_TIZA,POB11,-1,-1,AGEB_DF,POB11,-1,-1,ageb_urb,POB11,-1,-1;POB11_R "POB11_R" true true false 19 Double 8 18 ,First,#,AGEB_TIZA,POB11_R,-1,-1,AGEB_DF,POB11_R,-1,-1,ageb_urb,POB11_R,-1,-1;POB12 "POB12" true true false 9 Long 0 9 ,First,#,AGEB_TIZA,POB12,-1,-1,AGEB_DF,POB12,-1,-1,ageb_urb,POB12,-1,-1;POB12_R "POB12_R" true true false 19 Double 8 18 ,First,#,AGEB_TIZA,POB12_R,-1,-1,AGEB_DF,POB12_R,-1,-1,ageb_urb,POB12_R,-1,-1;POB13 "POB13" true true false 4 Short 0 4 ,First,#,AGEB_TIZA,POB13,-1,-1,AGEB_DF,POB13,-1,-1,ageb_urb,POB13,-1,-1;POB13_R "POB13_R" true true false 19 Double 8 18 ,First,#,AGEB_TIZA,POB13_R,-1,-1,AGEB_DF,POB13_R,-1,-1,ageb_urb,POB13_R,-1,-1;POB14 "POB14" true true false 4 Short 0 4 ,First,#,AGEB_TIZA,POB14,-1,-1,AGEB_DF,POB14,-1,-1,ageb_urb,POB14,-1,-1;POB14_R "POB14_R" true true false 19 Double 8 18 ,First,#,AGEB_TIZA,POB14_R,-1,-1,AGEB_DF,POB14_R,-1,-1,ageb_urb,POB14_R,-1,-1;POB15 "POB15" true true false 4 Short 0 4 ,First,#,AGEB_TIZA,POB15,-1,-1,AGEB_DF,POB15,-1,-1,ageb_urb,POB15,-1,-1;POB15_R "POB15_R" true true false 19 Double 8 18 ,First,#,AGEB_TIZA,POB15_R,-1,-1,AGEB_DF,POB15_R,-1,-1,ageb_urb,POB15_R,-1,-1;POB16 "POB16" true true false 4 Short 0 4 ,First,#,AGEB_TIZA,POB16,-1,-1,AGEB_DF,POB16,-1,-1,ageb_urb,POB16,-1,-1;POB16_R "POB16_R" true true false 19 Double 8 18 ,First,#,AGEB_TIZA,POB16_R,-1,-1,AGEB_DF,POB16_R,-1,-1,ageb_urb,POB16_R,-1,-1;POB17 "POB17" true true false 9 Long 0 9 ,First,#,AGEB_TIZA,POB17,-1,-1,AGEB_DF,POB17,-1,-1,ageb_urb,POB17,-1,-1;POB17_R "POB17_R" true true false 19 Double 8 18 ,First,#,AGEB_TIZA,POB17_R,-1,-1,AGEB_DF,POB17_R,-1,-1,ageb_urb,POB17_R,-1,-1;POB18 "POB18" true true false 9 Long 0 9 ,First,#,AGEB_TIZA,POB18,-1,-1,AGEB_DF,POB18,-1,-1,ageb_urb,POB18,-1,-1;POB18_R "POB18_R" true true false 19 Double 8 18 ,First,#,AGEB_TIZA,POB18_R,-1,-1,AGEB_DF,POB18_R,-1,-1,ageb_urb,POB18_R,-1,-1;POB19 "POB19" true true false 9 Long 0 9 ,First,#,AGEB_TIZA,POB19,-1,-1,AGEB_DF,POB19,-1,-1,ageb_urb,POB19,-1,-1;POB19_R "POB19_R" true true false 19 Double 8 18 ,First,#,AGEB_TIZA,POB19_R,-1,-1,AGEB_DF,POB19_R,-1,-1,ageb_urb,POB19_R,-1,-1;POB20 "POB20" true true false 9 Long 0 9 ,First,#,AGEB_TIZA,POB20,-1,-1,AGEB_DF,POB20,-1,-1,ageb_urb,POB20,-1,-1;POB20_R "POB20_R" true true false 19 Double 8 18 ,First,#,AGEB_TIZA,POB20_R,-1,-1,AGEB_DF,POB20_R,-1,-1,ageb_urb,POB20_R,-1,-1;POB21 "POB21" true true false 9 Long 0 9 ,First,#,AGEB_TIZA,POB21,-1,-1,AGEB_DF,POB21,-1,-1,ageb_urb,POB21,-1,-1;POB21_R "POB21_R" true true false 19 Double 8 18 ,First,#,AGEB_TIZA,POB21_R,-1,-1,AGEB_DF,POB21_R,-1,-1,ageb_urb,POB21_R,-1,-1;POB22 "POB22" true true false 9 Long 0 9 ,First,#,AGEB_TIZA,POB22,-1,-1,AGEB_DF,POB22,-1,-1,ageb_urb,POB22,-1,-1;POB22_R "POB22_R" true true false 19 Double 8 18 ,First,#,AGEB_TIZA,POB22_R,-1,-1,AGEB_DF,POB22_R,-1,-1,ageb_urb,POB22_R,-1,-1;POB23 "POB23" true true false 4 Short 0 4 ,First,#,AGEB_TIZA,POB23,-1,-1,AGEB_DF,POB23,-1,-1,ageb_urb,POB23,-1,-1;POB23_R "POB23_R" true true false 19 Double 8 18 ,First,#,AGEB_TIZA,POB23_R,-1,-1,AGEB_DF,POB23_R,-1,-1,ageb_urb,POB23_R,-1,-1;POB24 "POB24" true true false 4 Short 0 4 ,First,#,AGEB_TIZA,POB24,-1,-1,AGEB_DF,POB24,-1,-1,ageb_urb,POB24,-1,-1;POB24_R "POB24_R" true true false 19 Double 8 18 ,First,#,AGEB_TIZA,POB24_R,-1,-1,AGEB_DF,POB24_R,-1,-1,ageb_urb,POB24_R,-1,-1;POB25 "POB25" true true false 4 Short 0 4 ,First,#,AGEB_TIZA,POB25,-1,-1,AGEB_DF,POB25,-1,-1,ageb_urb,POB25,-1,-1;POB25_R "POB25_R" true true false 19 Double 8 18 ,First,#,AGEB_TIZA,POB25_R,-1,-1,AGEB_DF,POB25_R,-1,-1,ageb_urb,POB25_R,-1,-1;POB26_R "POB26_R" true true false 19 Double 8 18 ,First,#,AGEB_TIZA,POB26_R,-1,-1,AGEB_DF,POB26_R,-1,-1,ageb_urb,POB26_R,-1,-1;POB27_R "POB27_R" true true false 19 Double 8 18 ,First,#,AGEB_TIZA,POB27_R,-1,-1,AGEB_DF,POB27_R,-1,-1,ageb_urb,POB27_R,-1,-1;POB28_R "POB28_R" true true false 19 Double 8 18 ,First,#,AGEB_TIZA,POB28_R,-1,-1,AGEB_DF,POB28_R,-1,-1,ageb_urb,POB28_R,-1,-1;POB29_R "POB29_R" true true false 19 Double 8 18 ,First,#,AGEB_TIZA,POB29_R,-1,-1,AGEB_DF,POB29_R,-1,-1,ageb_urb,POB29_R,-1,-1;POB30_R "POB30_R" true true false 19 Double 8 18 ,First,#,AGEB_TIZA,POB30_R,-1,-1,AGEB_DF,POB30_R,-1,-1,ageb_urb,POB30_R,-1,-1;POB31 "POB31" true true false 9 Long 0 9 ,First,#,AGEB_TIZA,POB31,-1,-1,AGEB_DF,POB31,-1,-1,ageb_urb,POB31,-1,-1;POB31_R "POB31_R" true true false 19 Double 8 18 ,First,#,AGEB_TIZA,POB31_R,-1,-1,AGEB_DF,POB31_R,-1,-1,ageb_urb,POB31_R,-1,-1;POB32 "POB32" true true false 4 Short 0 4 ,First,#,AGEB_TIZA,POB32,-1,-1,AGEB_DF,POB32,-1,-1,ageb_urb,POB32,-1,-1;POB32_R "POB32_R" true true false 19 Double 8 18 ,First,#,AGEB_TIZA,POB32_R,-1,-1,AGEB_DF,POB32_R,-1,-1,ageb_urb,POB32_R,-1,-1;POB33 "POB33" true true false 4 Short 0 4 ,First,#,AGEB_TIZA,POB33,-1,-1,AGEB_DF,POB33,-1,-1,ageb_urb,POB33,-1,-1;POB33_R "POB33_R" true true false 19 Double 8 18 ,First,#,AGEB_TIZA,POB33_R,-1,-1,AGEB_DF,POB33_R,-1,-1,ageb_urb,POB33_R,-1,-1;POB34 "POB34" true true false 4 Short 0 4 ,First,#,AGEB_TIZA,POB34,-1,-1,AGEB_DF,POB34,-1,-1,ageb_urb,POB34,-1,-1;POB34_R "POB34_R" true true false 19 Double 8 18 ,First,#,AGEB_TIZA,POB34_R,-1,-1,AGEB_DF,POB34_R,-1,-1,ageb_urb,POB34_R,-1,-1;POB35 "POB35" true true false 4 Short 0 4 ,First,#,AGEB_TIZA,POB35,-1,-1,AGEB_DF,POB35,-1,-1,ageb_urb,POB35,-1,-1;POB35_R "POB35_R" true true false 19 Double 8 18 ,First,#,AGEB_TIZA,POB35_R,-1,-1,AGEB_DF,POB35_R,-1,-1,ageb_urb,POB35_R,-1,-1;POB36 "POB36" true true false 4 Short 0 4 ,First,#,AGEB_TIZA,POB36,-1,-1,AGEB_DF,POB36,-1,-1,ageb_urb,POB36,-1,-1;POB36_R "POB36_R" true true false 19 Double 8 18 ,First,#,AGEB_TIZA,POB36_R,-1,-1,AGEB_DF,POB36_R,-1,-1,ageb_urb,POB36_R,-1,-1;POB37 "POB37" true true false 4 Short 0 4 ,First,#,AGEB_TIZA,POB37,-1,-1,AGEB_DF,POB37,-1,-1,ageb_urb,POB37,-1,-1;POB37_R "POB37_R" true true false 19 Double 8 18 ,First,#,AGEB_TIZA,POB37_R,-1,-1,AGEB_DF,POB37_R,-1,-1,ageb_urb,POB37_R,-1,-1;POB38 "POB38" true true false 4 Short 0 4 ,First,#,AGEB_TIZA,POB38,-1,-1,AGEB_DF,POB38,-1,-1,ageb_urb,POB38,-1,-1;POB38_R "POB38_R" true true false 19 Double 8 18 ,First,#,AGEB_TIZA,POB38_R,-1,-1,AGEB_DF,POB38_R,-1,-1,ageb_urb,POB38_R,-1,-1;POB39 "POB39" true true false 4 Short 0 4 ,First,#,AGEB_TIZA,POB39,-1,-1,AGEB_DF,POB39,-1,-1,ageb_urb,POB39,-1,-1;POB39_R "POB39_R" true true false 19 Double 8 18 ,First,#,AGEB_TIZA,POB39_R,-1,-1,AGEB_DF,POB39_R,-1,-1,ageb_urb,POB39_R,-1,-1;POB40 "POB40" true true false 4 Short 0 4 ,First,#,AGEB_TIZA,POB40,-1,-1,AGEB_DF,POB40,-1,-1,ageb_urb,POB40,-1,-1;POB40_R "POB40_R" true true false 19 Double 8 18 ,First,#,AGEB_TIZA,POB40_R,-1,-1,AGEB_DF,POB40_R,-1,-1,ageb_urb,POB40_R,-1,-1;POB41 "POB41" true true false 4 Short 0 4 ,First,#,AGEB_TIZA,POB41,-1,-1,AGEB_DF,POB41,-1,-1,ageb_urb,POB41,-1,-1;POB41_R "POB41_R" true true false 19 Double 8 18 ,First,#,AGEB_TIZA,POB41_R,-1,-1,AGEB_DF,POB41_R,-1,-1,ageb_urb,POB41_R,-1,-1;POB42 "POB42" true true false 4 Short 0 4 ,First,#,AGEB_TIZA,POB42,-1,-1,AGEB_DF,POB42,-1,-1,ageb_urb,POB42,-1,-1;POB42_R "POB42_R" true true false 19 Double 8 18 ,First,#,AGEB_TIZA,POB42_R,-1,-1,AGEB_DF,POB42_R,-1,-1,ageb_urb,POB42_R,-1,-1;POB43 "POB43" true true false 4 Short 0 4 ,First,#,AGEB_TIZA,POB43,-1,-1,AGEB_DF,POB43,-1,-1,ageb_urb,POB43,-1,-1;POB43_R "POB43_R" true true false 19 Double 8 18 ,First,#,AGEB_TIZA,POB43_R,-1,-1,AGEB_DF,POB43_R,-1,-1,ageb_urb,POB43_R,-1,-1;POB44 "POB44" true true false 4 Short 0 4 ,First,#,AGEB_TIZA,POB44,-1,-1,AGEB_DF,POB44,-1,-1,ageb_urb,POB44,-1,-1;POB44_R "POB44_R" true true false 19 Double 8 18 ,First,#,AGEB_TIZA,POB44_R,-1,-1,AGEB_DF,POB44_R,-1,-1,ageb_urb,POB44_R,-1,-1;POB45 "POB45" true true false 4 Short 0 4 ,First,#,AGEB_TIZA,POB45,-1,-1,AGEB_DF,POB45,-1,-1,ageb_urb,POB45,-1,-1;POB45_R "POB45_R" true true false 19 Double 8 18 ,First,#,AGEB_TIZA,POB45_R,-1,-1,AGEB_DF,POB45_R,-1,-1,ageb_urb,POB45_R,-1,-1;POB46 "POB46" true true false 4 Short 0 4 ,First,#,AGEB_TIZA,POB46,-1,-1,AGEB_DF,POB46,-1,-1,ageb_urb,POB46,-1,-1;POB46_R "POB46_R" true true false 19 Double 8 18 ,First,#,AGEB_TIZA,POB46_R,-1,-1,AGEB_DF,POB46_R,-1,-1,ageb_urb,POB46_R,-1,-1;POB47 "POB47" true true false 4 Short 0 4 ,First,#,AGEB_TIZA,POB47,-1,-1,AGEB_DF,POB47,-1,-1,ageb_urb,POB47,-1,-1;POB47_R "POB47_R" true true false 19 Double 8 18 ,First,#,AGEB_TIZA,POB47_R,-1,-1,AGEB_DF,POB47_R,-1,-1,ageb_urb,POB47_R,-1,-1;POB48 "POB48" true true false 9 Long 0 9 ,First,#,AGEB_TIZA,POB48,-1,-1,AGEB_DF,POB48,-1,-1,ageb_urb,POB48,-1,-1;POB48_R "POB48_R" true true false 19 Double 8 18 ,First,#,AGEB_TIZA,POB48_R,-1,-1,AGEB_DF,POB48_R,-1,-1,ageb_urb,POB48_R,-1,-1;POB49 "POB49" true true false 9 Long 0 9 ,First,#,AGEB_TIZA,POB49,-1,-1,AGEB_DF,POB49,-1,-1,ageb_urb,POB49,-1,-1;POB49_R "POB49_R" true true false 19 Double 8 18 ,First,#,AGEB_TIZA,POB49_R,-1,-1,AGEB_DF,POB49_R,-1,-1,ageb_urb,POB49_R,-1,-1;POB50 "POB50" true true false 4 Short 0 4 ,First,#,AGEB_TIZA,POB50,-1,-1,AGEB_DF,POB50,-1,-1,ageb_urb,POB50,-1,-1;POB50_R "POB50_R" true true false 19 Double 8 18 ,First,#,AGEB_TIZA,POB50_R,-1,-1,AGEB_DF,POB50_R,-1,-1,ageb_urb,POB50_R,-1,-1;POB51 "POB51" true true false 4 Short 0 4 ,First,#,AGEB_TIZA,POB51,-1,-1,AGEB_DF,POB51,-1,-1,ageb_urb,POB51,-1,-1;POB51_R "POB51_R" true true false 19 Double 8 18 ,First,#,AGEB_TIZA,POB51_R,-1,-1,AGEB_DF,POB51_R,-1,-1,ageb_urb,POB51_R,-1,-1;POB52 "POB52" true true false 4 Short 0 4 ,First,#,AGEB_TIZA,POB52,-1,-1,AGEB_DF,POB52,-1,-1,ageb_urb,POB52,-1,-1;POB52_R "POB52_R" true true false 19 Double 8 18 ,First,#,AGEB_TIZA,POB52_R,-1,-1,AGEB_DF,POB52_R,-1,-1,ageb_urb,POB52_R,-1,-1;POB53 "POB53" true true false 4 Short 0 4 ,First,#,AGEB_TIZA,POB53,-1,-1,AGEB_DF,POB53,-1,-1,ageb_urb,POB53,-1,-1;POB53_R "POB53_R" true true false 19 Double 8 18 ,First,#,AGEB_TIZA,POB53_R,-1,-1,AGEB_DF,POB53_R,-1,-1,ageb_urb,POB53_R,-1,-1;POB54 "POB54" true true false 4 Short 0 4 ,First,#,AGEB_TIZA,POB54,-1,-1,AGEB_DF,POB54,-1,-1,ageb_urb,POB54,-1,-1;POB54_R "POB54_R" true true false 19 Double 8 18 ,First,#,AGEB_TIZA,POB54_R,-1,-1,AGEB_DF,POB54_R,-1,-1,ageb_urb,POB54_R,-1,-1;POB55 "POB55" true true false 4 Short 0 4 ,First,#,AGEB_TIZA,POB55,-1,-1,AGEB_DF,POB55,-1,-1,ageb_urb,POB55,-1,-1;POB55_R "POB55_R" true true false 19 Double 8 18 ,First,#,AGEB_TIZA,POB55_R,-1,-1,AGEB_DF,POB55_R,-1,-1,ageb_urb,POB55_R,-1,-1;POB56 "POB56" true true false 4 Short 0 4 ,First,#,AGEB_TIZA,POB56,-1,-1,AGEB_DF,POB56,-1,-1,ageb_urb,POB56,-1,-1;POB56_R "POB56_R" true true false 19 Double 8 18 ,First,#,AGEB_TIZA,POB56_R,-1,-1,AGEB_DF,POB56_R,-1,-1,ageb_urb,POB56_R,-1,-1;POB57 "POB57" true true false 9 Long 0 9 ,First,#,AGEB_TIZA,POB57,-1,-1,AGEB_DF,POB57,-1,-1,ageb_urb,POB57,-1,-1;POB57_R "POB57_R" true true false 19 Double 8 18 ,First,#,AGEB_TIZA,POB57_R,-1,-1,AGEB_DF,POB57_R,-1,-1,ageb_urb,POB57_R,-1,-1;POB58 "POB58" true true false 4 Short 0 4 ,First,#,AGEB_TIZA,POB58,-1,-1,AGEB_DF,POB58,-1,-1,ageb_urb,POB58,-1,-1;POB58_R "POB58_R" true true false 19 Double 8 18 ,First,#,AGEB_TIZA,POB58_R,-1,-1,AGEB_DF,POB58_R,-1,-1,ageb_urb,POB58_R,-1,-1;POB59 "POB59" true true false 4 Short 0 4 ,First,#,AGEB_TIZA,POB59,-1,-1,AGEB_DF,POB59,-1,-1,ageb_urb,POB59,-1,-1;POB59_R "POB59_R" true true false 19 Double 8 18 ,First,#,AGEB_TIZA,POB59_R,-1,-1,AGEB_DF,POB59_R,-1,-1,ageb_urb,POB59_R,-1,-1;POB60 "POB60" true true false 4 Short 0 4 ,First,#,AGEB_TIZA,POB60,-1,-1,AGEB_DF,POB60,-1,-1,ageb_urb,POB60,-1,-1;POB60_R "POB60_R" true true false 19 Double 8 18 ,First,#,AGEB_TIZA,POB60_R,-1,-1,AGEB_DF,POB60_R,-1,-1,ageb_urb,POB60_R,-1,-1;POB61 "POB61" true true false 4 Short 0 4 ,First,#,AGEB_TIZA,POB61,-1,-1,AGEB_DF,POB61,-1,-1,ageb_urb,POB61,-1,-1;POB61_R "POB61_R" true true false 19 Double 8 18 ,First,#,AGEB_TIZA,POB61_R,-1,-1,AGEB_DF,POB61_R,-1,-1,ageb_urb,POB61_R,-1,-1;POB62 "POB62" true true false 4 Short 0 4 ,First,#,AGEB_TIZA,POB62,-1,-1,AGEB_DF,POB62,-1,-1,ageb_urb,POB62,-1,-1;POB62_R "POB62_R" true true false 19 Double 8 18 ,First,#,AGEB_TIZA,POB62_R,-1,-1,AGEB_DF,POB62_R,-1,-1,ageb_urb,POB62_R,-1,-1;POB63 "POB63" true true false 4 Short 0 4 ,First,#,AGEB_TIZA,POB63,-1,-1,AGEB_DF,POB63,-1,-1,ageb_urb,POB63,-1,-1;POB63_R "POB63_R" true true false 19 Double 8 18 ,First,#,AGEB_TIZA,POB63_R,-1,-1,AGEB_DF,POB63_R,-1,-1,ageb_urb,POB63_R,-1,-1;POB64 "POB64" true true false 4 Short 0 4 ,First,#,AGEB_TIZA,POB64,-1,-1,AGEB_DF,POB64,-1,-1,ageb_urb,POB64,-1,-1;POB64_R "POB64_R" true true false 19 Double 8 18 ,First,#,AGEB_TIZA,POB64_R,-1,-1,AGEB_DF,POB64_R,-1,-1,ageb_urb,POB64_R,-1,-1;POB65 "POB65" true true false 4 Short 0 4 ,First,#,AGEB_TIZA,POB65,-1,-1,AGEB_DF,POB65,-1,-1,ageb_urb,POB65,-1,-1;POB65_R "POB65_R" true true false 19 Double 8 18 ,First,#,AGEB_TIZA,POB65_R,-1,-1,AGEB_DF,POB65_R,-1,-1,ageb_urb,POB65_R,-1,-1;POB66 "POB66" true true false 4 Short 0 4 ,First,#,AGEB_TIZA,POB66,-1,-1,AGEB_DF,POB66,-1,-1,ageb_urb,POB66,-1,-1;POB66_R "POB66_R" true true false 19 Double 8 18 ,First,#,AGEB_TIZA,POB66_R,-1,-1,AGEB_DF,POB66_R,-1,-1,ageb_urb,POB66_R,-1,-1;POB67 "POB67" true true false 4 Short 0 4 ,First,#,AGEB_TIZA,POB67,-1,-1,AGEB_DF,POB67,-1,-1,ageb_urb,POB67,-1,-1;POB67_R "POB67_R" true true false 19 Double 8 18 ,First,#,AGEB_TIZA,POB67_R,-1,-1,AGEB_DF,POB67_R,-1,-1,ageb_urb,POB67_R,-1,-1;POB68 "POB68" true true false 9 Long 0 9 ,First,#,AGEB_TIZA,POB68,-1,-1,AGEB_DF,POB68,-1,-1,ageb_urb,POB68,-1,-1;POB68_R "POB68_R" true true false 19 Double 8 18 ,First,#,AGEB_TIZA,POB68_R,-1,-1,AGEB_DF,POB68_R,-1,-1,ageb_urb,POB68_R,-1,-1;POB69 "POB69" true true false 4 Short 0 4 ,First,#,AGEB_TIZA,POB69,-1,-1,AGEB_DF,POB69,-1,-1,ageb_urb,POB69,-1,-1;POB69_R "POB69_R" true true false 19 Double 8 18 ,First,#,AGEB_TIZA,POB69_R,-1,-1,AGEB_DF,POB69_R,-1,-1,ageb_urb,POB69_R,-1,-1;POB70 "POB70" true true false 4 Short 0 4 ,First,#,AGEB_TIZA,POB70,-1,-1,AGEB_DF,POB70,-1,-1,ageb_urb,POB70,-1,-1;POB70_R "POB70_R" true true false 19 Double 8 18 ,First,#,AGEB_TIZA,POB70_R,-1,-1,AGEB_DF,POB70_R,-1,-1,ageb_urb,POB70_R,-1,-1;POB71 "POB71" true true false 4 Short 0 4 ,First,#,AGEB_TIZA,POB71,-1,-1,AGEB_DF,POB71,-1,-1,ageb_urb,POB71,-1,-1;POB71_R "POB71_R" true true false 19 Double 8 18 ,First,#,AGEB_TIZA,POB71_R,-1,-1,AGEB_DF,POB71_R,-1,-1,ageb_urb,POB71_R,-1,-1;POB72 "POB72" true true false 4 Short 0 4 ,First,#,AGEB_TIZA,POB72,-1,-1,AGEB_DF,POB72,-1,-1,ageb_urb,POB72,-1,-1;POB72_R "POB72_R" true true false 19 Double 8 18 ,First,#,AGEB_TIZA,POB72_R,-1,-1,AGEB_DF,POB72_R,-1,-1,ageb_urb,POB72_R,-1,-1;POB73 "POB73" true true false 9 Long 0 9 ,First,#,AGEB_TIZA,POB73,-1,-1,AGEB_DF,POB73,-1,-1,ageb_urb,POB73,-1,-1;POB73_R "POB73_R" true true false 19 Double 8 18 ,First,#,AGEB_TIZA,POB73_R,-1,-1,AGEB_DF,POB73_R,-1,-1,ageb_urb,POB73_R,-1,-1;POB74 "POB74" true true false 9 Long 0 9 ,First,#,AGEB_TIZA,POB74,-1,-1,AGEB_DF,POB74,-1,-1,ageb_urb,POB74,-1,-1;POB74_R "POB74_R" true true false 19 Double 8 18 ,First,#,AGEB_TIZA,POB74_R,-1,-1,AGEB_DF,POB74_R,-1,-1,ageb_urb,POB74_R,-1,-1;POB75 "POB75" true true false 9 Long 0 9 ,First,#,AGEB_TIZA,POB75,-1,-1,AGEB_DF,POB75,-1,-1,ageb_urb,POB75,-1,-1;POB75_R "POB75_R" true true false 19 Double 8 18 ,First,#,AGEB_TIZA,POB75_R,-1,-1,AGEB_DF,POB75_R,-1,-1,ageb_urb,POB75_R,-1,-1;POB76 "POB76" true true false 9 Long 0 9 ,First,#,AGEB_TIZA,POB76,-1,-1,AGEB_DF,POB76,-1,-1,ageb_urb,POB76,-1,-1;POB76_R "POB76_R" true true false 19 Double 8 18 ,First,#,AGEB_TIZA,POB76_R,-1,-1,AGEB_DF,POB76_R,-1,-1,ageb_urb,POB76_R,-1,-1;POB77 "POB77" true true false 9 Long 0 9 ,First,#,AGEB_TIZA,POB77,-1,-1,AGEB_DF,POB77,-1,-1,ageb_urb,POB77,-1,-1;POB77_R "POB77_R" true true false 19 Double 8 18 ,First,#,AGEB_TIZA,POB77_R,-1,-1,AGEB_DF,POB77_R,-1,-1,ageb_urb,POB77_R,-1,-1;POB78 "POB78" true true false 9 Long 0 9 ,First,#,AGEB_TIZA,POB78,-1,-1,AGEB_DF,POB78,-1,-1,ageb_urb,POB78,-1,-1;POB78_R "POB78_R" true true false 19 Double 8 18 ,First,#,AGEB_TIZA,POB78_R,-1,-1,AGEB_DF,POB78_R,-1,-1,ageb_urb,POB78_R,-1,-1;POB79 "POB79" true true false 4 Short 0 4 ,First,#,AGEB_TIZA,POB79,-1,-1,AGEB_DF,POB79,-1,-1,ageb_urb,POB79,-1,-1;POB79_R "POB79_R" true true false 19 Double 8 18 ,First,#,AGEB_TIZA,POB79_R,-1,-1,AGEB_DF,POB79_R,-1,-1,ageb_urb,POB79_R,-1,-1;POB80 "POB80" true true false 4 Short 0 4 ,First,#,AGEB_TIZA,POB80,-1,-1,AGEB_DF,POB80,-1,-1,ageb_urb,POB80,-1,-1;POB80_R "POB80_R" true true false 19 Double 8 18 ,First,#,AGEB_TIZA,POB80_R,-1,-1,AGEB_DF,POB80_R,-1,-1,ageb_urb,POB80_R,-1,-1;POB81 "POB81" true true false 4 Short 0 4 ,First,#,AGEB_TIZA,POB81,-1,-1,AGEB_DF,POB81,-1,-1,ageb_urb,POB81,-1,-1;POB81_R "POB81_R" true true false 19 Double 8 18 ,First,#,AGEB_TIZA,POB81_R,-1,-1,AGEB_DF,POB81_R,-1,-1,ageb_urb,POB81_R,-1,-1;OID_1 "OID_1" true true false 9 Long 0 9 ,First,#,AGEB_TIZA,OID_1,-1,-1,AGEB_DF,OID_1,-1,-1,ageb_urb,OID_1,-1,-1"</Process><Process ToolSource="C:\Program Files (x86)\ArcGIS\Desktop10.0\ArcToolbox\Toolboxes\Data Management Tools.tbx\DeleteField" Date="20131120" Time="142650">DeleteField AGEB POB2_R;POB4;POB4_R;POB5;POB5_R;POB6;POB6_R;POB7;POB7_R;POB8</Process><Process ToolSource="C:\Program Files (x86)\ArcGIS\Desktop10.0\ArcToolbox\Toolboxes\Data Management Tools.tbx\DeleteField" Date="20131120" Time="142745">DeleteField AGEB POB8_R;POB9;POB9_R;POB11_R;POB12;POB12_R;POB13;POB13_R;POB14;POB14_R;POB15;POB15_R;POB16;POB16_R;POB17;POB17_R;POB18;POB18_R;POB19;POB19_R;POB20;POB20_R;POB21;POB21_R;POB22;POB22_R;POB23;POB23_R;POB24;POB24_R;POB25;POB25_R;POB26_R;POB27_R;POB28_R;POB29_R;POB30_R;POB31;POB31_R;POB32;POB32_R;POB33;POB33_R;POB34;POB34_R;POB35;POB35_R;POB36;POB36_R;POB37;POB37_R;POB38;POB38_R;POB39;POB39_R;POB40;POB40_R;POB41;POB41_R;POB42;POB42_R;POB43;POB43_R;POB44;POB44_R;POB45;POB45_R;POB46;POB46_R;POB47;POB47_R;POB48;POB48_R;POB49;POB49_R;POB50;POB50_R;POB51;POB51_R;POB52;POB52_R;POB53;POB53_R;POB54;POB54_R;POB55;POB55_R;POB56;POB56_R;POB57;POB57_R;POB58;POB58_R;POB59;POB59_R;POB60;POB60_R;POB61;POB61_R;POB62;POB62_R;POB63;POB63_R;POB64;POB64_R;POB65;POB65_R;POB66;POB66_R;POB67;POB67_R;POB68;POB68_R;POB69;POB69_R;POB70;POB70_R;POB71;POB71_R;POB72;POB72_R;POB73;POB73_R;POB74;POB74_R;POB75;POB75_R;POB76;POB76_R;POB77;POB77_R;POB78;POB78_R;POB79;POB79_R;POB80;POB80_R;POB81;POB81_R</Process><Process ToolSource="C:\Program Files (x86)\ArcGIS\Desktop10.0\ArcToolbox\Toolboxes\Data Management Tools.tbx\CalculateField" Date="20131120" Time="142913">CalculateField AGEB densidad "[POB1] / [area_ha]" VB #</Process><Process ToolSource="C:\Program Files (x86)\ArcGIS\Desktop10.0\ArcToolbox\Toolboxes\Data Management Tools.tbx\CalculateField" Date="20131121" Time="112457">CalculateField AGEB densidad "[POB1] / [area_ha]" VB #</Process><Process ToolSource="C:\Program Files (x86)\ArcGIS\Desktop10.0\ArcToolbox\Toolboxes\Data Management Tools.tbx\CalculateField" Date="20140226" Time="163821">CalculateField ageb_near ste "Xochimilco" VB #</Process><Process ToolSource="C:\Program Files (x86)\ArcGIS\Desktop10.0\ArcToolbox\Toolboxes\Data Management Tools.tbx\CalculateField" Date="20140226" Time="163956">CalculateField ageb_near ste "Francisco Goitia" VB #</Process><Process ToolSource="C:\Program Files (x86)\ArcGIS\Desktop10.0\ArcToolbox\Toolboxes\Data Management Tools.tbx\CalculateField" Date="20140226" Time="164159">CalculateField ageb_near ste "Francisco Goitia" VB #</Process><Process ToolSource="C:\Program Files (x86)\ArcGIS\Desktop10.0\ArcToolbox\Toolboxes\Data Management Tools.tbx\CalculateField" Date="20140226" Time="164419">CalculateField ageb_near ste "La Noria, Francisco Goitia" VB #</Process><Process ToolSource="C:\Program Files (x86)\ArcGIS\Desktop10.0\ArcToolbox\Toolboxes\Data Management Tools.tbx\CalculateField" Date="20140226" Time="164509">CalculateField ageb_near ste "Tepepan" VB #</Process><Process ToolSource="C:\Program Files (x86)\ArcGIS\Desktop10.0\ArcToolbox\Toolboxes\Data Management Tools.tbx\CalculateField" Date="20140226" Time="164614">CalculateField ageb_near ste "Xomali, Periférico" VB #</Process><Process ToolSource="C:\Program Files (x86)\ArcGIS\Desktop10.0\ArcToolbox\Toolboxes\Data Management Tools.tbx\CalculateField" Date="20140226" Time="164649">CalculateField ageb_near ste "Huipulco" VB #</Process><Process ToolSource="C:\Program Files (x86)\ArcGIS\Desktop10.0\ArcToolbox\Toolboxes\Data Management Tools.tbx\CalculateField" Date="20140226" Time="164747">CalculateField ageb_near ste "Estadio Azteca. El Vergel" VB #</Process><Process ToolSource="C:\Program Files (x86)\ArcGIS\Desktop10.0\ArcToolbox\Toolboxes\Data Management Tools.tbx\CalculateField" Date="20140226" Time="164832">CalculateField ageb_near ste "Textitlán" VB #</Process><Process ToolSource="C:\Program Files (x86)\ArcGIS\Desktop10.0\ArcToolbox\Toolboxes\Data Management Tools.tbx\CalculateField" Date="20140226" Time="164902">CalculateField ageb_near ste "Registro Federal" VB #</Process><Process ToolSource="C:\Program Files (x86)\ArcGIS\Desktop10.0\ArcToolbox\Toolboxes\Data Management Tools.tbx\CalculateField" Date="20140226" Time="165012">CalculateField ageb_near ste "Nezahualpilli" VB #</Process><Process ToolSource="C:\Program Files (x86)\ArcGIS\Desktop10.0\ArcToolbox\Toolboxes\Data Management Tools.tbx\CalculateField" Date="20140226" Time="165137">CalculateField ageb_near ste "Xotepingo, La Virgen" VB #</Process><Process ToolSource="C:\Program Files (x86)\ArcGIS\Desktop10.0\ArcToolbox\Toolboxes\Data Management Tools.tbx\CalculateField" Date="20140226" Time="165220">CalculateField ageb_near ste "Ciudad Jardín" VB #</Process><Process ToolSource="C:\Program Files (x86)\ArcGIS\Desktop10.0\ArcToolbox\Toolboxes\Data Management Tools.tbx\CalculateField" Date="20140226" Time="165249">CalculateField ageb_near ste "Las Torres" VB #</Process><Process ToolSource="C:\Program Files (x86)\ArcGIS\Desktop10.0\ArcToolbox\Toolboxes\Data Management Tools.tbx\CalculateField" Date="20140226" Time="165436">CalculateField ageb_near ste "Parada STE" VB #</Process><Process ToolSource="C:\Program Files (x86)\ArcGIS\Desktop10.0\ArcToolbox\Toolboxes\Data Management Tools.tbx\CalculateField" Date="20140226" Time="165446">CalculateField ageb_near stc "Tasqueña" VB #</Process><Process ToolSource="C:\Program Files (x86)\ArcGIS\Desktop10.0\ArcToolbox\Toolboxes\Data Management Tools.tbx\CalculateField" Date="20140226" Time="165651">CalculateField ageb_near mb "Ciudad Universitaria, Centro Cultural Universitario" VB #</Process><Process ToolSource="C:\Program Files (x86)\ArcGIS\Desktop10.0\ArcToolbox\Toolboxes\Data Management Tools.tbx\CalculateField" Date="20140226" Time="165704">CalculateField ageb_near stc "Parada STE" VB #</Process><Process ToolSource="C:\Program Files (x86)\ArcGIS\Desktop10.0\ArcToolbox\Toolboxes\Data Management Tools.tbx\CalculateField" Date="20140226" Time="165728">CalculateField ageb_near stc "Universidad" VB #</Process><Process ToolSource="C:\Program Files (x86)\ArcGIS\Desktop10.0\ArcToolbox\Toolboxes\Data Management Tools.tbx\CalculateField" Date="20140226" Time="165740">CalculateField ageb_near ste "Parada STE" VB #</Process></lineage></DataProperties><SyncDate>20131120</SyncDate><SyncTime>13582300</SyncTime><ModDate>20131120</ModDate><ModTime>13582300</ModTime></Esri><dataIdInfo><envirDesc Sync="TRUE"> Version 6.2 (Build 9200) ; ESRI ArcGIS 10.0.0.2414</envirDesc><dataLang><languageCode value="spa" country="MEX"></languageCode></dataLang><idCitation><resTitle Sync="TRUE">AGEB</resTitle><presForm><PresFormCd value="005"></PresFormCd></presForm></idCitation><descKeys><thesaName uuidref="723f6998-058e-11dc-8314-0800200c9a66"></thesaName><keyword Sync="TRUE">002</keyword></descKeys><spatRpType><SpatRepTypCd value="001"></SpatRepTypCd></spatRpType></dataIdInfo><mdLang><languageCode value="spa"></languageCode></mdLang><mdChar><CharSetCd value="004"></CharSetCd></mdChar><distInfo><distFormat><formatName Sync="TRUE">Shapefile</formatName></distFormat><distTranOps><transSize Sync="TRUE">0.000</transSize></distTranOps></distInfo><mdHrLv><ScopeCd value="005"></ScopeCd></mdHrLv><mdHrLvName Sync="TRUE">dataset</mdHrLvName><refSysInfo><RefSystem><refSysID><identCode code="0"></identCode></refSysID></RefSystem></refSysInfo><spdoinfo><ptvctinf><esriterm Name="AGEB"><efeatyp Sync="TRUE">Simple</efeatyp><efeageom Sync="TRUE">4</efeageom><esritopo Sync="TRUE">FALSE</esritopo><efeacnt Sync="TRUE">0</efeacnt><spindex Sync="TRUE">FALSE</spindex><linrefer Sync="TRUE">FALSE</linrefer></esriterm></ptvctinf></spdoinfo><spatRepInfo><VectSpatRep><topLvl><TopoLevCd value="001"></TopoLevCd></topLvl><geometObjs><geoObjTyp><GeoObjTypCd value="002"></GeoObjTypCd><geoObjCnt Sync="TRUE">0</geoObjCnt></geoObjTyp></geometObjs></VectSpatRep></spatRepInfo><eainfo><detailed Name="AGEB"><enttyp><enttypl Sync="TRUE">AGEB</enttypl><enttypt Sync="TRUE">Feature Class</enttypt><enttypc Sync="TRUE">0</enttypc></enttyp><attr><attrlabl Sync="TRUE">FID</attrlabl><attalias Sync="TRUE">FID</attalias><attrtype Sync="TRUE">OID</attrtype><attwidth Sync="TRUE">4</attwidth><atprecis Sync="TRUE">0</atprecis><attscale Sync="TRUE">0</attscale><attrdef Sync="TRUE">Internal feature number.</attrdef><attrdefs Sync="TRUE">ESRI</attrdefs><attrdomv><udom Sync="TRUE">Sequential unique whole numbers that are automatically generated.</udom></attrdomv></attr><attr><attrlabl Sync="TRUE">Shape</attrlabl><attalias Sync="TRUE">Shape</attalias><attrtype Sync="TRUE">Geometry</attrtype><attwidth Sync="TRUE">0</attwidth><atprecis Sync="TRUE">0</atprecis><attscale Sync="TRUE">0</attscale><attrdef Sync="TRUE">Feature geometry.</attrdef><attrdefs Sync="TRUE">ESRI</attrdefs><attrdomv><udom Sync="TRUE">Coordinates defining the features.</udom></attrdomv></attr><attr><attrlabl Sync="TRUE">CVEGEO</attrlabl><attalias Sync="TRUE">CVEGEO</attalias><attrtype Sync="TRUE">String</attrtype><attwidth Sync="TRUE">13</attwidth><atprecis Sync="TRUE">0</atprecis><attscale Sync="TRUE">0</attscale></attr><attr><attrlabl Sync="TRUE">POB1</attrlabl><attalias Sync="TRUE">POB1</attalias><attrtype Sync="TRUE">Integer</attrtype><attwidth Sync="TRUE">9</attwidth><atprecis Sync="TRUE">9</atprecis><attscale Sync="TRUE">0</attscale></attr><attr><attrlabl Sync="TRUE">POB2</attrlabl><attalias Sync="TRUE">POB2</attalias><attrtype Sync="TRUE">SmallInteger</attrtype><attwidth Sync="TRUE">4</attwidth><atprecis Sync="TRUE">4</atprecis><attscale Sync="TRUE">0</attscale></attr><attr><attrlabl Sync="TRUE">POB2_R</attrlabl><attalias Sync="TRUE">POB2_R</attalias><attrtype Sync="TRUE">Double</attrtype><attwidth Sync="TRUE">19</attwidth><atprecis Sync="TRUE">18</atprecis><attscale Sync="TRUE">8</attscale></attr><attr><attrlabl Sync="TRUE">POB3</attrlabl><attalias Sync="TRUE">POB3</attalias><attrtype Sync="TRUE">SmallInteger</attrtype><attwidth Sync="TRUE">4</attwidth><atprecis Sync="TRUE">4</atprecis><attscale Sync="TRUE">0</attscale></attr><attr><attrlabl Sync="TRUE">POB3_R</attrlabl><attalias Sync="TRUE">POB3_R</attalias><attrtype Sync="TRUE">Double</attrtype><attwidth Sync="TRUE">19</attwidth><atprecis Sync="TRUE">18</atprecis><attscale Sync="TRUE">8</attscale></attr><attr><attrlabl Sync="TRUE">POB4</attrlabl><attalias Sync="TRUE">POB4</attalias><attrtype Sync="TRUE">SmallInteger</attrtype><attwidth Sync="TRUE">4</attwidth><atprecis Sync="TRUE">4</atprecis><attscale Sync="TRUE">0</attscale></attr><attr><attrlabl Sync="TRUE">POB4_R</attrlabl><attalias Sync="TRUE">POB4_R</attalias><attrtype Sync="TRUE">Double</attrtype><attwidth Sync="TRUE">19</attwidth><atprecis Sync="TRUE">18</atprecis><attscale Sync="TRUE">8</attscale></attr><attr><attrlabl Sync="TRUE">POB5</attrlabl><attalias Sync="TRUE">POB5</attalias><attrtype Sync="TRUE">SmallInteger</attrtype><attwidth Sync="TRUE">4</attwidth><atprecis Sync="TRUE">4</atprecis><attscale Sync="TRUE">0</attscale></attr><attr><attrlabl Sync="TRUE">POB5_R</attrlabl><attalias Sync="TRUE">POB5_R</attalias><attrtype Sync="TRUE">Double</attrtype><attwidth Sync="TRUE">19</attwidth><atprecis Sync="TRUE">18</atprecis><attscale Sync="TRUE">8</attscale></attr><attr><attrlabl Sync="TRUE">POB6</attrlabl><attalias Sync="TRUE">POB6</attalias><attrtype Sync="TRUE">SmallInteger</attrtype><attwidth Sync="TRUE">4</attwidth><atprecis Sync="TRUE">4</atprecis><attscale Sync="TRUE">0</attscale></attr><attr><attrlabl Sync="TRUE">POB6_R</attrlabl><attalias Sync="TRUE">POB6_R</attalias><attrtype Sync="TRUE">Double</attrtype><attwidth Sync="TRUE">19</attwidth><atprecis Sync="TRUE">18</atprecis><attscale Sync="TRUE">8</attscale></attr><attr><attrlabl Sync="TRUE">POB7</attrlabl><attalias Sync="TRUE">POB7</attalias><attrtype Sync="TRUE">SmallInteger</attrtype><attwidth Sync="TRUE">4</attwidth><atprecis Sync="TRUE">4</atprecis><attscale Sync="TRUE">0</attscale></attr><attr><attrlabl Sync="TRUE">POB7_R</attrlabl><attalias Sync="TRUE">POB7_R</attalias><attrtype Sync="TRUE">Double</attrtype><attwidth Sync="TRUE">19</attwidth><atprecis Sync="TRUE">18</atprecis><attscale Sync="TRUE">8</attscale></attr><attr><attrlabl Sync="TRUE">POB8</attrlabl><attalias Sync="TRUE">POB8</attalias><attrtype Sync="TRUE">SmallInteger</attrtype><attwidth Sync="TRUE">4</attwidth><atprecis Sync="TRUE">4</atprecis><attscale Sync="TRUE">0</attscale></attr><attr><attrlabl Sync="TRUE">POB8_R</attrlabl><attalias Sync="TRUE">POB8_R</attalias><attrtype Sync="TRUE">Double</attrtype><attwidth Sync="TRUE">19</attwidth><atprecis Sync="TRUE">18</atprecis><attscale Sync="TRUE">8</attscale></attr><attr><attrlabl Sync="TRUE">POB9</attrlabl><attalias Sync="TRUE">POB9</attalias><attrtype Sync="TRUE">SmallInteger</attrtype><attwidth Sync="TRUE">4</attwidth><atprecis Sync="TRUE">4</atprecis><attscale Sync="TRUE">0</attscale></attr><attr><attrlabl Sync="TRUE">POB9_R</attrlabl><attalias Sync="TRUE">POB9_R</attalias><attrtype Sync="TRUE">Double</attrtype><attwidth Sync="TRUE">19</attwidth><atprecis Sync="TRUE">18</atprecis><attscale Sync="TRUE">8</attscale></attr><attr><attrlabl Sync="TRUE">POB10</attrlabl><attalias Sync="TRUE">POB10</attalias><attrtype Sync="TRUE">SmallInteger</attrtype><attwidth Sync="TRUE">4</attwidth><atprecis Sync="TRUE">4</atprecis><attscale Sync="TRUE">0</attscale></attr><attr><attrlabl Sync="TRUE">POB10_R</attrlabl><attalias Sync="TRUE">POB10_R</attalias><attrtype Sync="TRUE">Double</attrtype><attwidth Sync="TRUE">19</attwidth><atprecis Sync="TRUE">18</atprecis><attscale Sync="TRUE">8</attscale></attr><attr><attrlabl Sync="TRUE">POB11</attrlabl><attalias Sync="TRUE">POB11</attalias><attrtype Sync="TRUE">SmallInteger</attrtype><attwidth Sync="TRUE">4</attwidth><atprecis Sync="TRUE">4</atprecis><attscale Sync="TRUE">0</attscale></attr><attr><attrlabl Sync="TRUE">POB11_R</attrlabl><attalias Sync="TRUE">POB11_R</attalias><attrtype Sync="TRUE">Double</attrtype><attwidth Sync="TRUE">19</attwidth><atprecis Sync="TRUE">18</atprecis><attscale Sync="TRUE">8</attscale></attr><attr><attrlabl Sync="TRUE">POB12</attrlabl><attalias Sync="TRUE">POB12</attalias><attrtype Sync="TRUE">Integer</attrtype><attwidth Sync="TRUE">9</attwidth><atprecis Sync="TRUE">9</atprecis><attscale Sync="TRUE">0</attscale></attr><attr><attrlabl Sync="TRUE">POB12_R</attrlabl><attalias Sync="TRUE">POB12_R</attalias><attrtype Sync="TRUE">Double</attrtype><attwidth Sync="TRUE">19</attwidth><atprecis Sync="TRUE">18</atprecis><attscale Sync="TRUE">8</attscale></attr><attr><attrlabl Sync="TRUE">POB13</attrlabl><attalias Sync="TRUE">POB13</attalias><attrtype Sync="TRUE">SmallInteger</attrtype><attwidth Sync="TRUE">4</attwidth><atprecis Sync="TRUE">4</atprecis><attscale Sync="TRUE">0</attscale></attr><attr><attrlabl Sync="TRUE">POB13_R</attrlabl><attalias Sync="TRUE">POB13_R</attalias><attrtype Sync="TRUE">Double</attrtype><attwidth Sync="TRUE">19</attwidth><atprecis Sync="TRUE">18</atprecis><attscale Sync="TRUE">8</attscale></attr><attr><attrlabl Sync="TRUE">POB14</attrlabl><attalias Sync="TRUE">POB14</attalias><attrtype Sync="TRUE">SmallInteger</attrtype><attwidth Sync="TRUE">4</attwidth><atprecis Sync="TRUE">4</atprecis><attscale Sync="TRUE">0</attscale></attr><attr><attrlabl Sync="TRUE">POB14_R</attrlabl><attalias Sync="TRUE">POB14_R</attalias><attrtype Sync="TRUE">Double</attrtype><attwidth Sync="TRUE">19</attwidth><atprecis Sync="TRUE">18</atprecis><attscale Sync="TRUE">8</attscale></attr><attr><attrlabl Sync="TRUE">POB15</attrlabl><attalias Sync="TRUE">POB15</attalias><attrtype Sync="TRUE">SmallInteger</attrtype><attwidth Sync="TRUE">4</attwidth><atprecis Sync="TRUE">4</atprecis><attscale Sync="TRUE">0</attscale></attr><attr><attrlabl Sync="TRUE">POB15_R</attrlabl><attalias Sync="TRUE">POB15_R</attalias><attrtype Sync="TRUE">Double</attrtype><attwidth Sync="TRUE">19</attwidth><atprecis Sync="TRUE">18</atprecis><attscale Sync="TRUE">8</attscale></attr><attr><attrlabl Sync="TRUE">POB16</attrlabl><attalias Sync="TRUE">POB16</attalias><attrtype Sync="TRUE">SmallInteger</attrtype><attwidth Sync="TRUE">4</attwidth><atprecis Sync="TRUE">4</atprecis><attscale Sync="TRUE">0</attscale></attr><attr><attrlabl Sync="TRUE">POB16_R</attrlabl><attalias Sync="TRUE">POB16_R</attalias><attrtype Sync="TRUE">Double</attrtype><attwidth Sync="TRUE">19</attwidth><atprecis Sync="TRUE">18</atprecis><attscale Sync="TRUE">8</attscale></attr><attr><attrlabl Sync="TRUE">POB17</attrlabl><attalias Sync="TRUE">POB17</attalias><attrtype Sync="TRUE">Integer</attrtype><attwidth Sync="TRUE">9</attwidth><atprecis Sync="TRUE">9</atprecis><attscale Sync="TRUE">0</attscale></attr><attr><attrlabl Sync="TRUE">POB17_R</attrlabl><attalias Sync="TRUE">POB17_R</attalias><attrtype Sync="TRUE">Double</attrtype><attwidth Sync="TRUE">19</attwidth><atprecis Sync="TRUE">18</atprecis><attscale Sync="TRUE">8</attscale></attr><attr><attrlabl Sync="TRUE">POB18</attrlabl><attalias Sync="TRUE">POB18</attalias><attrtype Sync="TRUE">Integer</attrtype><attwidth Sync="TRUE">9</attwidth><atprecis Sync="TRUE">9</atprecis><attscale Sync="TRUE">0</attscale></attr><attr><attrlabl Sync="TRUE">POB18_R</attrlabl><attalias Sync="TRUE">POB18_R</attalias><attrtype Sync="TRUE">Double</attrtype><attwidth Sync="TRUE">19</attwidth><atprecis Sync="TRUE">18</atprecis><attscale Sync="TRUE">8</attscale></attr><attr><attrlabl Sync="TRUE">POB19</attrlabl><attalias Sync="TRUE">POB19</attalias><attrtype Sync="TRUE">Integer</attrtype><attwidth Sync="TRUE">9</attwidth><atprecis Sync="TRUE">9</atprecis><attscale Sync="TRUE">0</attscale></attr><attr><attrlabl Sync="TRUE">POB19_R</attrlabl><attalias Sync="TRUE">POB19_R</attalias><attrtype Sync="TRUE">Double</attrtype><attwidth Sync="TRUE">19</attwidth><atprecis Sync="TRUE">18</atprecis><attscale Sync="TRUE">8</attscale></attr><attr><attrlabl Sync="TRUE">POB20</attrlabl><attalias Sync="TRUE">POB20</attalias><attrtype Sync="TRUE">Integer</attrtype><attwidth Sync="TRUE">9</attwidth><atprecis Sync="TRUE">9</atprecis><attscale Sync="TRUE">0</attscale></attr><attr><attrlabl Sync="TRUE">POB20_R</attrlabl><attalias Sync="TRUE">POB20_R</attalias><attrtype Sync="TRUE">Double</attrtype><attwidth Sync="TRUE">19</attwidth><atprecis Sync="TRUE">18</atprecis><attscale Sync="TRUE">8</attscale></attr><attr><attrlabl Sync="TRUE">POB21</attrlabl><attalias Sync="TRUE">POB21</attalias><attrtype Sync="TRUE">Integer</attrtype><attwidth Sync="TRUE">9</attwidth><atprecis Sync="TRUE">9</atprecis><attscale Sync="TRUE">0</attscale></attr><attr><attrlabl Sync="TRUE">POB21_R</attrlabl><attalias Sync="TRUE">POB21_R</attalias><attrtype Sync="TRUE">Double</attrtype><attwidth Sync="TRUE">19</attwidth><atprecis Sync="TRUE">18</atprecis><attscale Sync="TRUE">8</attscale></attr><attr><attrlabl Sync="TRUE">POB22</attrlabl><attalias Sync="TRUE">POB22</attalias><attrtype Sync="TRUE">Integer</attrtype><attwidth Sync="TRUE">9</attwidth><atprecis Sync="TRUE">9</atprecis><attscale Sync="TRUE">0</attscale></attr><attr><attrlabl Sync="TRUE">POB22_R</attrlabl><attalias Sync="TRUE">POB22_R</attalias><attrtype Sync="TRUE">Double</attrtype><attwidth Sync="TRUE">19</attwidth><atprecis Sync="TRUE">18</atprecis><attscale Sync="TRUE">8</attscale></attr><attr><attrlabl Sync="TRUE">POB23</attrlabl><attalias Sync="TRUE">POB23</attalias><attrtype Sync="TRUE">SmallInteger</attrtype><attwidth Sync="TRUE">4</attwidth><atprecis Sync="TRUE">4</atprecis><attscale Sync="TRUE">0</attscale></attr><attr><attrlabl Sync="TRUE">POB23_R</attrlabl><attalias Sync="TRUE">POB23_R</attalias><attrtype Sync="TRUE">Double</attrtype><attwidth Sync="TRUE">19</attwidth><atprecis Sync="TRUE">18</atprecis><attscale Sync="TRUE">8</attscale></attr><attr><attrlabl Sync="TRUE">POB24</attrlabl><attalias Sync="TRUE">POB24</attalias><attrtype Sync="TRUE">SmallInteger</attrtype><attwidth Sync="TRUE">4</attwidth><atprecis Sync="TRUE">4</atprecis><attscale Sync="TRUE">0</attscale></attr><attr><attrlabl Sync="TRUE">POB24_R</attrlabl><attalias Sync="TRUE">POB24_R</attalias><attrtype Sync="TRUE">Double</attrtype><attwidth Sync="TRUE">19</attwidth><atprecis Sync="TRUE">18</atprecis><attscale Sync="TRUE">8</attscale></attr><attr><attrlabl Sync="TRUE">POB25</attrlabl><attalias Sync="TRUE">POB25</attalias><attrtype Sync="TRUE">SmallInteger</attrtype><attwidth Sync="TRUE">4</attwidth><atprecis Sync="TRUE">4</atprecis><attscale Sync="TRUE">0</attscale></attr><attr><attrlabl Sync="TRUE">POB25_R</attrlabl><attalias Sync="TRUE">POB25_R</attalias><attrtype Sync="TRUE">Double</attrtype><attwidth Sync="TRUE">19</attwidth><atprecis Sync="TRUE">18</atprecis><attscale Sync="TRUE">8</attscale></attr><attr><attrlabl Sync="TRUE">POB26_R</attrlabl><attalias Sync="TRUE">POB26_R</attalias><attrtype Sync="TRUE">Double</attrtype><attwidth Sync="TRUE">19</attwidth><atprecis Sync="TRUE">18</atprecis><attscale Sync="TRUE">8</attscale></attr><attr><attrlabl Sync="TRUE">POB27_R</attrlabl><attalias Sync="TRUE">POB27_R</attalias><attrtype Sync="TRUE">Double</attrtype><attwidth Sync="TRUE">19</attwidth><atprecis Sync="TRUE">18</atprecis><attscale Sync="TRUE">8</attscale></attr><attr><attrlabl Sync="TRUE">POB28_R</attrlabl><attalias Sync="TRUE">POB28_R</attalias><attrtype Sync="TRUE">Double</attrtype><attwidth Sync="TRUE">19</attwidth><atprecis Sync="TRUE">18</atprecis><attscale Sync="TRUE">8</attscale></attr><attr><attrlabl Sync="TRUE">POB29_R</attrlabl><attalias Sync="TRUE">POB29_R</attalias><attrtype Sync="TRUE">Double</attrtype><attwidth Sync="TRUE">19</attwidth><atprecis Sync="TRUE">18</atprecis><attscale Sync="TRUE">8</attscale></attr><attr><attrlabl Sync="TRUE">POB30_R</attrlabl><attalias Sync="TRUE">POB30_R</attalias><attrtype Sync="TRUE">Double</attrtype><attwidth Sync="TRUE">19</attwidth><atprecis Sync="TRUE">18</atprecis><attscale Sync="TRUE">8</attscale></attr><attr><attrlabl Sync="TRUE">POB31</attrlabl><attalias Sync="TRUE">POB31</attalias><attrtype Sync="TRUE">Integer</attrtype><attwidth Sync="TRUE">9</attwidth><atprecis Sync="TRUE">9</atprecis><attscale Sync="TRUE">0</attscale></attr><attr><attrlabl Sync="TRUE">POB31_R</attrlabl><attalias Sync="TRUE">POB31_R</attalias><attrtype Sync="TRUE">Double</attrtype><attwidth Sync="TRUE">19</attwidth><atprecis Sync="TRUE">18</atprecis><attscale Sync="TRUE">8</attscale></attr><attr><attrlabl Sync="TRUE">POB32</attrlabl><attalias Sync="TRUE">POB32</attalias><attrtype Sync="TRUE">SmallInteger</attrtype><attwidth Sync="TRUE">4</attwidth><atprecis Sync="TRUE">4</atprecis><attscale Sync="TRUE">0</attscale></attr><attr><attrlabl Sync="TRUE">POB32_R</attrlabl><attalias Sync="TRUE">POB32_R</attalias><attrtype Sync="TRUE">Double</attrtype><attwidth Sync="TRUE">19</attwidth><atprecis Sync="TRUE">18</atprecis><attscale Sync="TRUE">8</attscale></attr><attr><attrlabl Sync="TRUE">POB33</attrlabl><attalias Sync="TRUE">POB33</attalias><attrtype Sync="TRUE">SmallInteger</attrtype><attwidth Sync="TRUE">4</attwidth><atprecis Sync="TRUE">4</atprecis><attscale Sync="TRUE">0</attscale></attr><attr><attrlabl Sync="TRUE">POB33_R</attrlabl><attalias Sync="TRUE">POB33_R</attalias><attrtype Sync="TRUE">Double</attrtype><attwidth Sync="TRUE">19</attwidth><atprecis Sync="TRUE">18</atprecis><attscale Sync="TRUE">8</attscale></attr><attr><attrlabl Sync="TRUE">POB34</attrlabl><attalias Sync="TRUE">POB34</attalias><attrtype Sync="TRUE">SmallInteger</attrtype><attwidth Sync="TRUE">4</attwidth><atprecis Sync="TRUE">4</atprecis><attscale Sync="TRUE">0</attscale></attr><attr><attrlabl Sync="TRUE">POB34_R</attrlabl><attalias Sync="TRUE">POB34_R</attalias><attrtype Sync="TRUE">Double</attrtype><attwidth Sync="TRUE">19</attwidth><atprecis Sync="TRUE">18</atprecis><attscale Sync="TRUE">8</attscale></attr><attr><attrlabl Sync="TRUE">POB35</attrlabl><attalias Sync="TRUE">POB35</attalias><attrtype Sync="TRUE">SmallInteger</attrtype><attwidth Sync="TRUE">4</attwidth><atprecis Sync="TRUE">4</atprecis><attscale Sync="TRUE">0</attscale></attr><attr><attrlabl Sync="TRUE">POB35_R</attrlabl><attalias Sync="TRUE">POB35_R</attalias><attrtype Sync="TRUE">Double</attrtype><attwidth Sync="TRUE">19</attwidth><atprecis Sync="TRUE">18</atprecis><attscale Sync="TRUE">8</attscale></attr><attr><attrlabl Sync="TRUE">POB36</attrlabl><attalias Sync="TRUE">POB36</attalias><attrtype Sync="TRUE">SmallInteger</attrtype><attwidth Sync="TRUE">4</attwidth><atprecis Sync="TRUE">4</atprecis><attscale Sync="TRUE">0</attscale></attr><attr><attrlabl Sync="TRUE">POB36_R</attrlabl><attalias Sync="TRUE">POB36_R</attalias><attrtype Sync="TRUE">Double</attrtype><attwidth Sync="TRUE">19</attwidth><atprecis Sync="TRUE">18</atprecis><attscale Sync="TRUE">8</attscale></attr><attr><attrlabl Sync="TRUE">POB37</attrlabl><attalias Sync="TRUE">POB37</attalias><attrtype Sync="TRUE">SmallInteger</attrtype><attwidth Sync="TRUE">4</attwidth><atprecis Sync="TRUE">4</atprecis><attscale Sync="TRUE">0</attscale></attr><attr><attrlabl Sync="TRUE">POB37_R</attrlabl><attalias Sync="TRUE">POB37_R</attalias><attrtype Sync="TRUE">Double</attrtype><attwidth Sync="TRUE">19</attwidth><atprecis Sync="TRUE">18</atprecis><attscale Sync="TRUE">8</attscale></attr><attr><attrlabl Sync="TRUE">POB38</attrlabl><attalias Sync="TRUE">POB38</attalias><attrtype Sync="TRUE">SmallInteger</attrtype><attwidth Sync="TRUE">4</attwidth><atprecis Sync="TRUE">4</atprecis><attscale Sync="TRUE">0</attscale></attr><attr><attrlabl Sync="TRUE">POB38_R</attrlabl><attalias Sync="TRUE">POB38_R</attalias><attrtype Sync="TRUE">Double</attrtype><attwidth Sync="TRUE">19</attwidth><atprecis Sync="TRUE">18</atprecis><attscale Sync="TRUE">8</attscale></attr><attr><attrlabl Sync="TRUE">POB39</attrlabl><attalias Sync="TRUE">POB39</attalias><attrtype Sync="TRUE">SmallInteger</attrtype><attwidth Sync="TRUE">4</attwidth><atprecis Sync="TRUE">4</atprecis><attscale Sync="TRUE">0</attscale></attr><attr><attrlabl Sync="TRUE">POB39_R</attrlabl><attalias Sync="TRUE">POB39_R</attalias><attrtype Sync="TRUE">Double</attrtype><attwidth Sync="TRUE">19</attwidth><atprecis Sync="TRUE">18</atprecis><attscale Sync="TRUE">8</attscale></attr><attr><attrlabl Sync="TRUE">POB40</attrlabl><attalias Sync="TRUE">POB40</attalias><attrtype Sync="TRUE">SmallInteger</attrtype><attwidth Sync="TRUE">4</attwidth><atprecis Sync="TRUE">4</atprecis><attscale Sync="TRUE">0</attscale></attr><attr><attrlabl Sync="TRUE">POB40_R</attrlabl><attalias Sync="TRUE">POB40_R</attalias><attrtype Sync="TRUE">Double</attrtype><attwidth Sync="TRUE">19</attwidth><atprecis Sync="TRUE">18</atprecis><attscale Sync="TRUE">8</attscale></attr><attr><attrlabl Sync="TRUE">POB41</attrlabl><attalias Sync="TRUE">POB41</attalias><attrtype Sync="TRUE">SmallInteger</attrtype><attwidth Sync="TRUE">4</attwidth><atprecis Sync="TRUE">4</atprecis><attscale Sync="TRUE">0</attscale></attr><attr><attrlabl Sync="TRUE">POB41_R</attrlabl><attalias Sync="TRUE">POB41_R</attalias><attrtype Sync="TRUE">Double</attrtype><attwidth Sync="TRUE">19</attwidth><atprecis Sync="TRUE">18</atprecis><attscale Sync="TRUE">8</attscale></attr><attr><attrlabl Sync="TRUE">POB42</attrlabl><attalias Sync="TRUE">POB42</attalias><attrtype Sync="TRUE">SmallInteger</attrtype><attwidth Sync="TRUE">4</attwidth><atprecis Sync="TRUE">4</atprecis><attscale Sync="TRUE">0</attscale></attr><attr><attrlabl Sync="TRUE">POB42_R</attrlabl><attalias Sync="TRUE">POB42_R</attalias><attrtype Sync="TRUE">Double</attrtype><attwidth Sync="TRUE">19</attwidth><atprecis Sync="TRUE">18</atprecis><attscale Sync="TRUE">8</attscale></attr><attr><attrlabl Sync="TRUE">POB43</attrlabl><attalias Sync="TRUE">POB43</attalias><attrtype Sync="TRUE">SmallInteger</attrtype><attwidth Sync="TRUE">4</attwidth><atprecis Sync="TRUE">4</atprecis><attscale Sync="TRUE">0</attscale></attr><attr><attrlabl Sync="TRUE">POB43_R</attrlabl><attalias Sync="TRUE">POB43_R</attalias><attrtype Sync="TRUE">Double</attrtype><attwidth Sync="TRUE">19</attwidth><atprecis Sync="TRUE">18</atprecis><attscale Sync="TRUE">8</attscale></attr><attr><attrlabl Sync="TRUE">POB44</attrlabl><attalias Sync="TRUE">POB44</attalias><attrtype Sync="TRUE">SmallInteger</attrtype><attwidth Sync="TRUE">4</attwidth><atprecis Sync="TRUE">4</atprecis><attscale Sync="TRUE">0</attscale></attr><attr><attrlabl Sync="TRUE">POB44_R</attrlabl><attalias Sync="TRUE">POB44_R</attalias><attrtype Sync="TRUE">Double</attrtype><attwidth Sync="TRUE">19</attwidth><atprecis Sync="TRUE">18</atprecis><attscale Sync="TRUE">8</attscale></attr><attr><attrlabl Sync="TRUE">POB45</attrlabl><attalias Sync="TRUE">POB45</attalias><attrtype Sync="TRUE">SmallInteger</attrtype><attwidth Sync="TRUE">4</attwidth><atprecis Sync="TRUE">4</atprecis><attscale Sync="TRUE">0</attscale></attr><attr><attrlabl Sync="TRUE">POB45_R</attrlabl><attalias Sync="TRUE">POB45_R</attalias><attrtype Sync="TRUE">Double</attrtype><attwidth Sync="TRUE">19</attwidth><atprecis Sync="TRUE">18</atprecis><attscale Sync="TRUE">8</attscale></attr><attr><attrlabl Sync="TRUE">POB46</attrlabl><attalias Sync="TRUE">POB46</attalias><attrtype Sync="TRUE">SmallInteger</attrtype><attwidth Sync="TRUE">4</attwidth><atprecis Sync="TRUE">4</atprecis><attscale Sync="TRUE">0</attscale></attr><attr><attrlabl Sync="TRUE">POB46_R</attrlabl><attalias Sync="TRUE">POB46_R</attalias><attrtype Sync="TRUE">Double</attrtype><attwidth Sync="TRUE">19</attwidth><atprecis Sync="TRUE">18</atprecis><attscale Sync="TRUE">8</attscale></attr><attr><attrlabl Sync="TRUE">POB47</attrlabl><attalias Sync="TRUE">POB47</attalias><attrtype Sync="TRUE">SmallInteger</attrtype><attwidth Sync="TRUE">4</attwidth><atprecis Sync="TRUE">4</atprecis><attscale Sync="TRUE">0</attscale></attr><attr><attrlabl Sync="TRUE">POB47_R</attrlabl><attalias Sync="TRUE">POB47_R</attalias><attrtype Sync="TRUE">Double</attrtype><attwidth Sync="TRUE">19</attwidth><atprecis Sync="TRUE">18</atprecis><attscale Sync="TRUE">8</attscale></attr><attr><attrlabl Sync="TRUE">POB48</attrlabl><attalias Sync="TRUE">POB48</attalias><attrtype Sync="TRUE">Integer</attrtype><attwidth Sync="TRUE">9</attwidth><atprecis Sync="TRUE">9</atprecis><attscale Sync="TRUE">0</attscale></attr><attr><attrlabl Sync="TRUE">POB48_R</attrlabl><attalias Sync="TRUE">POB48_R</attalias><attrtype Sync="TRUE">Double</attrtype><attwidth Sync="TRUE">19</attwidth><atprecis Sync="TRUE">18</atprecis><attscale Sync="TRUE">8</attscale></attr><attr><attrlabl Sync="TRUE">POB49</attrlabl><attalias Sync="TRUE">POB49</attalias><attrtype Sync="TRUE">Integer</attrtype><attwidth Sync="TRUE">9</attwidth><atprecis Sync="TRUE">9</atprecis><attscale Sync="TRUE">0</attscale></attr><attr><attrlabl Sync="TRUE">POB49_R</attrlabl><attalias Sync="TRUE">POB49_R</attalias><attrtype Sync="TRUE">Double</attrtype><attwidth Sync="TRUE">19</attwidth><atprecis Sync="TRUE">18</atprecis><attscale Sync="TRUE">8</attscale></attr><attr><attrlabl Sync="TRUE">POB50</attrlabl><attalias Sync="TRUE">POB50</attalias><attrtype Sync="TRUE">SmallInteger</attrtype><attwidth Sync="TRUE">4</attwidth><atprecis Sync="TRUE">4</atprecis><attscale Sync="TRUE">0</attscale></attr><attr><attrlabl Sync="TRUE">POB50_R</attrlabl><attalias Sync="TRUE">POB50_R</attalias><attrtype Sync="TRUE">Double</attrtype><attwidth Sync="TRUE">19</attwidth><atprecis Sync="TRUE">18</atprecis><attscale Sync="TRUE">8</attscale></attr><attr><attrlabl Sync="TRUE">POB51</attrlabl><attalias Sync="TRUE">POB51</attalias><attrtype Sync="TRUE">SmallInteger</attrtype><attwidth Sync="TRUE">4</attwidth><atprecis Sync="TRUE">4</atprecis><attscale Sync="TRUE">0</attscale></attr><attr><attrlabl Sync="TRUE">POB51_R</attrlabl><attalias Sync="TRUE">POB51_R</attalias><attrtype Sync="TRUE">Double</attrtype><attwidth Sync="TRUE">19</attwidth><atprecis Sync="TRUE">18</atprecis><attscale Sync="TRUE">8</attscale></attr><attr><attrlabl Sync="TRUE">POB52</attrlabl><attalias Sync="TRUE">POB52</attalias><attrtype Sync="TRUE">SmallInteger</attrtype><attwidth Sync="TRUE">4</attwidth><atprecis Sync="TRUE">4</atprecis><attscale Sync="TRUE">0</attscale></attr><attr><attrlabl Sync="TRUE">POB52_R</attrlabl><attalias Sync="TRUE">POB52_R</attalias><attrtype Sync="TRUE">Double</attrtype><attwidth Sync="TRUE">19</attwidth><atprecis Sync="TRUE">18</atprecis><attscale Sync="TRUE">8</attscale></attr><attr><attrlabl Sync="TRUE">POB53</attrlabl><attalias Sync="TRUE">POB53</attalias><attrtype Sync="TRUE">SmallInteger</attrtype><attwidth Sync="TRUE">4</attwidth><atprecis Sync="TRUE">4</atprecis><attscale Sync="TRUE">0</attscale></attr><attr><attrlabl Sync="TRUE">POB53_R</attrlabl><attalias Sync="TRUE">POB53_R</attalias><attrtype Sync="TRUE">Double</attrtype><attwidth Sync="TRUE">19</attwidth><atprecis Sync="TRUE">18</atprecis><attscale Sync="TRUE">8</attscale></attr><attr><attrlabl Sync="TRUE">POB54</attrlabl><attalias Sync="TRUE">POB54</attalias><attrtype Sync="TRUE">SmallInteger</attrtype><attwidth Sync="TRUE">4</attwidth><atprecis Sync="TRUE">4</atprecis><attscale Sync="TRUE">0</attscale></attr><attr><attrlabl Sync="TRUE">POB54_R</attrlabl><attalias Sync="TRUE">POB54_R</attalias><attrtype Sync="TRUE">Double</attrtype><attwidth Sync="TRUE">19</attwidth><atprecis Sync="TRUE">18</atprecis><attscale Sync="TRUE">8</attscale></attr><attr><attrlabl Sync="TRUE">POB55</attrlabl><attalias Sync="TRUE">POB55</attalias><attrtype Sync="TRUE">SmallInteger</attrtype><attwidth Sync="TRUE">4</attwidth><atprecis Sync="TRUE">4</atprecis><attscale Sync="TRUE">0</attscale></attr><attr><attrlabl Sync="TRUE">POB55_R</attrlabl><attalias Sync="TRUE">POB55_R</attalias><attrtype Sync="TRUE">Double</attrtype><attwidth Sync="TRUE">19</attwidth><atprecis Sync="TRUE">18</atprecis><attscale Sync="TRUE">8</attscale></attr><attr><attrlabl Sync="TRUE">POB56</attrlabl><attalias Sync="TRUE">POB56</attalias><attrtype Sync="TRUE">SmallInteger</attrtype><attwidth Sync="TRUE">4</attwidth><atprecis Sync="TRUE">4</atprecis><attscale Sync="TRUE">0</attscale></attr><attr><attrlabl Sync="TRUE">POB56_R</attrlabl><attalias Sync="TRUE">POB56_R</attalias><attrtype Sync="TRUE">Double</attrtype><attwidth Sync="TRUE">19</attwidth><atprecis Sync="TRUE">18</atprecis><attscale Sync="TRUE">8</attscale></attr><attr><attrlabl Sync="TRUE">POB57</attrlabl><attalias Sync="TRUE">POB57</attalias><attrtype Sync="TRUE">Integer</attrtype><attwidth Sync="TRUE">9</attwidth><atprecis Sync="TRUE">9</atprecis><attscale Sync="TRUE">0</attscale></attr><attr><attrlabl Sync="TRUE">POB57_R</attrlabl><attalias Sync="TRUE">POB57_R</attalias><attrtype Sync="TRUE">Double</attrtype><attwidth Sync="TRUE">19</attwidth><atprecis Sync="TRUE">18</atprecis><attscale Sync="TRUE">8</attscale></attr><attr><attrlabl Sync="TRUE">POB58</attrlabl><attalias Sync="TRUE">POB58</attalias><attrtype Sync="TRUE">SmallInteger</attrtype><attwidth Sync="TRUE">4</attwidth><atprecis Sync="TRUE">4</atprecis><attscale Sync="TRUE">0</attscale></attr><attr><attrlabl Sync="TRUE">POB58_R</attrlabl><attalias Sync="TRUE">POB58_R</attalias><attrtype Sync="TRUE">Double</attrtype><attwidth Sync="TRUE">19</attwidth><atprecis Sync="TRUE">18</atprecis><attscale Sync="TRUE">8</attscale></attr><attr><attrlabl Sync="TRUE">POB59</attrlabl><attalias Sync="TRUE">POB59</attalias><attrtype Sync="TRUE">SmallInteger</attrtype><attwidth Sync="TRUE">4</attwidth><atprecis Sync="TRUE">4</atprecis><attscale Sync="TRUE">0</attscale></attr><attr><attrlabl Sync="TRUE">POB59_R</attrlabl><attalias Sync="TRUE">POB59_R</attalias><attrtype Sync="TRUE">Double</attrtype><attwidth Sync="TRUE">19</attwidth><atprecis Sync="TRUE">18</atprecis><attscale Sync="TRUE">8</attscale></attr><attr><attrlabl Sync="TRUE">POB60</attrlabl><attalias Sync="TRUE">POB60</attalias><attrtype Sync="TRUE">SmallInteger</attrtype><attwidth Sync="TRUE">4</attwidth><atprecis Sync="TRUE">4</atprecis><attscale Sync="TRUE">0</attscale></attr><attr><attrlabl Sync="TRUE">POB60_R</attrlabl><attalias Sync="TRUE">POB60_R</attalias><attrtype Sync="TRUE">Double</attrtype><attwidth Sync="TRUE">19</attwidth><atprecis Sync="TRUE">18</atprecis><attscale Sync="TRUE">8</attscale></attr><attr><attrlabl Sync="TRUE">POB61</attrlabl><attalias Sync="TRUE">POB61</attalias><attrtype Sync="TRUE">SmallInteger</attrtype><attwidth Sync="TRUE">4</attwidth><atprecis Sync="TRUE">4</atprecis><attscale Sync="TRUE">0</attscale></attr><attr><attrlabl Sync="TRUE">POB61_R</attrlabl><attalias Sync="TRUE">POB61_R</attalias><attrtype Sync="TRUE">Double</attrtype><attwidth Sync="TRUE">19</attwidth><atprecis Sync="TRUE">18</atprecis><attscale Sync="TRUE">8</attscale></attr><attr><attrlabl Sync="TRUE">POB62</attrlabl><attalias Sync="TRUE">POB62</attalias><attrtype Sync="TRUE">SmallInteger</attrtype><attwidth Sync="TRUE">4</attwidth><atprecis Sync="TRUE">4</atprecis><attscale Sync="TRUE">0</attscale></attr><attr><attrlabl Sync="TRUE">POB62_R</attrlabl><attalias Sync="TRUE">POB62_R</attalias><attrtype Sync="TRUE">Double</attrtype><attwidth Sync="TRUE">19</attwidth><atprecis Sync="TRUE">18</atprecis><attscale Sync="TRUE">8</attscale></attr><attr><attrlabl Sync="TRUE">POB63</attrlabl><attalias Sync="TRUE">POB63</attalias><attrtype Sync="TRUE">SmallInteger</attrtype><attwidth Sync="TRUE">4</attwidth><atprecis Sync="TRUE">4</atprecis><attscale Sync="TRUE">0</attscale></attr><attr><attrlabl Sync="TRUE">POB63_R</attrlabl><attalias Sync="TRUE">POB63_R</attalias><attrtype Sync="TRUE">Double</attrtype><attwidth Sync="TRUE">19</attwidth><atprecis Sync="TRUE">18</atprecis><attscale Sync="TRUE">8</attscale></attr><attr><attrlabl Sync="TRUE">POB64</attrlabl><attalias Sync="TRUE">POB64</attalias><attrtype Sync="TRUE">SmallInteger</attrtype><attwidth Sync="TRUE">4</attwidth><atprecis Sync="TRUE">4</atprecis><attscale Sync="TRUE">0</attscale></attr><attr><attrlabl Sync="TRUE">POB64_R</attrlabl><attalias Sync="TRUE">POB64_R</attalias><attrtype Sync="TRUE">Double</attrtype><attwidth Sync="TRUE">19</attwidth><atprecis Sync="TRUE">18</atprecis><attscale Sync="TRUE">8</attscale></attr><attr><attrlabl Sync="TRUE">POB65</attrlabl><attalias Sync="TRUE">POB65</attalias><attrtype Sync="TRUE">SmallInteger</attrtype><attwidth Sync="TRUE">4</attwidth><atprecis Sync="TRUE">4</atprecis><attscale Sync="TRUE">0</attscale></attr><attr><attrlabl Sync="TRUE">POB65_R</attrlabl><attalias Sync="TRUE">POB65_R</attalias><attrtype Sync="TRUE">Double</attrtype><attwidth Sync="TRUE">19</attwidth><atprecis Sync="TRUE">18</atprecis><attscale Sync="TRUE">8</attscale></attr><attr><attrlabl Sync="TRUE">POB66</attrlabl><attalias Sync="TRUE">POB66</attalias><attrtype Sync="TRUE">SmallInteger</attrtype><attwidth Sync="TRUE">4</attwidth><atprecis Sync="TRUE">4</atprecis><attscale Sync="TRUE">0</attscale></attr><attr><attrlabl Sync="TRUE">POB66_R</attrlabl><attalias Sync="TRUE">POB66_R</attalias><attrtype Sync="TRUE">Double</attrtype><attwidth Sync="TRUE">19</attwidth><atprecis Sync="TRUE">18</atprecis><attscale Sync="TRUE">8</attscale></attr><attr><attrlabl Sync="TRUE">POB67</attrlabl><attalias Sync="TRUE">POB67</attalias><attrtype Sync="TRUE">SmallInteger</attrtype><attwidth Sync="TRUE">4</attwidth><atprecis Sync="TRUE">4</atprecis><attscale Sync="TRUE">0</attscale></attr><attr><attrlabl Sync="TRUE">POB67_R</attrlabl><attalias Sync="TRUE">POB67_R</attalias><attrtype Sync="TRUE">Double</attrtype><attwidth Sync="TRUE">19</attwidth><atprecis Sync="TRUE">18</atprecis><attscale Sync="TRUE">8</attscale></attr><attr><attrlabl Sync="TRUE">POB68</attrlabl><attalias Sync="TRUE">POB68</attalias><attrtype Sync="TRUE">Integer</attrtype><attwidth Sync="TRUE">9</attwidth><atprecis Sync="TRUE">9</atprecis><attscale Sync="TRUE">0</attscale></attr><attr><attrlabl Sync="TRUE">POB68_R</attrlabl><attalias Sync="TRUE">POB68_R</attalias><attrtype Sync="TRUE">Double</attrtype><attwidth Sync="TRUE">19</attwidth><atprecis Sync="TRUE">18</atprecis><attscale Sync="TRUE">8</attscale></attr><attr><attrlabl Sync="TRUE">POB69</attrlabl><attalias Sync="TRUE">POB69</attalias><attrtype Sync="TRUE">SmallInteger</attrtype><attwidth Sync="TRUE">4</attwidth><atprecis Sync="TRUE">4</atprecis><attscale Sync="TRUE">0</attscale></attr><attr><attrlabl Sync="TRUE">POB69_R</attrlabl><attalias Sync="TRUE">POB69_R</attalias><attrtype Sync="TRUE">Double</attrtype><attwidth Sync="TRUE">19</attwidth><atprecis Sync="TRUE">18</atprecis><attscale Sync="TRUE">8</attscale></attr><attr><attrlabl Sync="TRUE">POB70</attrlabl><attalias Sync="TRUE">POB70</attalias><attrtype Sync="TRUE">SmallInteger</attrtype><attwidth Sync="TRUE">4</attwidth><atprecis Sync="TRUE">4</atprecis><attscale Sync="TRUE">0</attscale></attr><attr><attrlabl Sync="TRUE">POB70_R</attrlabl><attalias Sync="TRUE">POB70_R</attalias><attrtype Sync="TRUE">Double</attrtype><attwidth Sync="TRUE">19</attwidth><atprecis Sync="TRUE">18</atprecis><attscale Sync="TRUE">8</attscale></attr><attr><attrlabl Sync="TRUE">POB71</attrlabl><attalias Sync="TRUE">POB71</attalias><attrtype Sync="TRUE">SmallInteger</attrtype><attwidth Sync="TRUE">4</attwidth><atprecis Sync="TRUE">4</atprecis><attscale Sync="TRUE">0</attscale></attr><attr><attrlabl Sync="TRUE">POB71_R</attrlabl><attalias Sync="TRUE">POB71_R</attalias><attrtype Sync="TRUE">Double</attrtype><attwidth Sync="TRUE">19</attwidth><atprecis Sync="TRUE">18</atprecis><attscale Sync="TRUE">8</attscale></attr><attr><attrlabl Sync="TRUE">POB72</attrlabl><attalias Sync="TRUE">POB72</attalias><attrtype Sync="TRUE">SmallInteger</attrtype><attwidth Sync="TRUE">4</attwidth><atprecis Sync="TRUE">4</atprecis><attscale Sync="TRUE">0</attscale></attr><attr><attrlabl Sync="TRUE">POB72_R</attrlabl><attalias Sync="TRUE">POB72_R</attalias><attrtype Sync="TRUE">Double</attrtype><attwidth Sync="TRUE">19</attwidth><atprecis Sync="TRUE">18</atprecis><attscale Sync="TRUE">8</attscale></attr><attr><attrlabl Sync="TRUE">POB73</attrlabl><attalias Sync="TRUE">POB73</attalias><attrtype Sync="TRUE">Integer</attrtype><attwidth Sync="TRUE">9</attwidth><atprecis Sync="TRUE">9</atprecis><attscale Sync="TRUE">0</attscale></attr><attr><attrlabl Sync="TRUE">POB73_R</attrlabl><attalias Sync="TRUE">POB73_R</attalias><attrtype Sync="TRUE">Double</attrtype><attwidth Sync="TRUE">19</attwidth><atprecis Sync="TRUE">18</atprecis><attscale Sync="TRUE">8</attscale></attr><attr><attrlabl Sync="TRUE">POB74</attrlabl><attalias Sync="TRUE">POB74</attalias><attrtype Sync="TRUE">Integer</attrtype><attwidth Sync="TRUE">9</attwidth><atprecis Sync="TRUE">9</atprecis><attscale Sync="TRUE">0</attscale></attr><attr><attrlabl Sync="TRUE">POB74_R</attrlabl><attalias Sync="TRUE">POB74_R</attalias><attrtype Sync="TRUE">Double</attrtype><attwidth Sync="TRUE">19</attwidth><atprecis Sync="TRUE">18</atprecis><attscale Sync="TRUE">8</attscale></attr><attr><attrlabl Sync="TRUE">POB75</attrlabl><attalias Sync="TRUE">POB75</attalias><attrtype Sync="TRUE">Integer</attrtype><attwidth Sync="TRUE">9</attwidth><atprecis Sync="TRUE">9</atprecis><attscale Sync="TRUE">0</attscale></attr><attr><attrlabl Sync="TRUE">POB75_R</attrlabl><attalias Sync="TRUE">POB75_R</attalias><attrtype Sync="TRUE">Double</attrtype><attwidth Sync="TRUE">19</attwidth><atprecis Sync="TRUE">18</atprecis><attscale Sync="TRUE">8</attscale></attr><attr><attrlabl Sync="TRUE">POB76</attrlabl><attalias Sync="TRUE">POB76</attalias><attrtype Sync="TRUE">Integer</attrtype><attwidth Sync="TRUE">9</attwidth><atprecis Sync="TRUE">9</atprecis><attscale Sync="TRUE">0</attscale></attr><attr><attrlabl Sync="TRUE">POB76_R</attrlabl><attalias Sync="TRUE">POB76_R</attalias><attrtype Sync="TRUE">Double</attrtype><attwidth Sync="TRUE">19</attwidth><atprecis Sync="TRUE">18</atprecis><attscale Sync="TRUE">8</attscale></attr><attr><attrlabl Sync="TRUE">POB77</attrlabl><attalias Sync="TRUE">POB77</attalias><attrtype Sync="TRUE">Integer</attrtype><attwidth Sync="TRUE">9</attwidth><atprecis Sync="TRUE">9</atprecis><attscale Sync="TRUE">0</attscale></attr><attr><attrlabl Sync="TRUE">POB77_R</attrlabl><attalias Sync="TRUE">POB77_R</attalias><attrtype Sync="TRUE">Double</attrtype><attwidth Sync="TRUE">19</attwidth><atprecis Sync="TRUE">18</atprecis><attscale Sync="TRUE">8</attscale></attr><attr><attrlabl Sync="TRUE">POB78</attrlabl><attalias Sync="TRUE">POB78</attalias><attrtype Sync="TRUE">Integer</attrtype><attwidth Sync="TRUE">9</attwidth><atprecis Sync="TRUE">9</atprecis><attscale Sync="TRUE">0</attscale></attr><attr><attrlabl Sync="TRUE">POB78_R</attrlabl><attalias Sync="TRUE">POB78_R</attalias><attrtype Sync="TRUE">Double</attrtype><attwidth Sync="TRUE">19</attwidth><atprecis Sync="TRUE">18</atprecis><attscale Sync="TRUE">8</attscale></attr><attr><attrlabl Sync="TRUE">POB79</attrlabl><attalias Sync="TRUE">POB79</attalias><attrtype Sync="TRUE">SmallInteger</attrtype><attwidth Sync="TRUE">4</attwidth><atprecis Sync="TRUE">4</atprecis><attscale Sync="TRUE">0</attscale></attr><attr><attrlabl Sync="TRUE">POB79_R</attrlabl><attalias Sync="TRUE">POB79_R</attalias><attrtype Sync="TRUE">Double</attrtype><attwidth Sync="TRUE">19</attwidth><atprecis Sync="TRUE">18</atprecis><attscale Sync="TRUE">8</attscale></attr><attr><attrlabl Sync="TRUE">POB80</attrlabl><attalias Sync="TRUE">POB80</attalias><attrtype Sync="TRUE">SmallInteger</attrtype><attwidth Sync="TRUE">4</attwidth><atprecis Sync="TRUE">4</atprecis><attscale Sync="TRUE">0</attscale></attr><attr><attrlabl Sync="TRUE">POB80_R</attrlabl><attalias Sync="TRUE">POB80_R</attalias><attrtype Sync="TRUE">Double</attrtype><attwidth Sync="TRUE">19</attwidth><atprecis Sync="TRUE">18</atprecis><attscale Sync="TRUE">8</attscale></attr><attr><attrlabl Sync="TRUE">POB81</attrlabl><attalias Sync="TRUE">POB81</attalias><attrtype Sync="TRUE">SmallInteger</attrtype><attwidth Sync="TRUE">4</attwidth><atprecis Sync="TRUE">4</atprecis><attscale Sync="TRUE">0</attscale></attr><attr><attrlabl Sync="TRUE">POB81_R</attrlabl><attalias Sync="TRUE">POB81_R</attalias><attrtype Sync="TRUE">Double</attrtype><attwidth Sync="TRUE">19</attwidth><atprecis Sync="TRUE">18</atprecis><attscale Sync="TRUE">8</attscale></attr><attr><attrlabl Sync="TRUE">OID_1</attrlabl><attalias Sync="TRUE">OID_1</attalias><attrtype Sync="TRUE">Integer</attrtype><attwidth Sync="TRUE">9</attwidth><atprecis Sync="TRUE">9</atprecis><attscale Sync="TRUE">0</attscale></attr></detailed></eainfo><mdDateSt Sync="TRUE">20131120</mdDateSt></metadata>
