<?xml version="1.0" encoding="UTF-8"?>
<metadata xml:lang="es"><Esri><CreaDate>20140226</CreaDate><CreaTime>14445800</CreaTime><ArcGISFormat>1.0</ArcGISFormat><SyncOnce>FALSE</SyncOnce><DataProperties><lineage><Process ToolSource="C:\Program Files (x86)\ArcGIS\Desktop10.0\ArcToolbox\Toolboxes\Data Management Tools.tbx\CalculateField" Date="20140224" Time="170506">CalculateField L8_puntos Name "Garibaldi" VB #</Process><Process ToolSource="C:\Program Files (x86)\ArcGIS\Desktop10.0\ArcToolbox\Toolboxes\Data Management Tools.tbx\CalculateField" Date="20140224" Time="170518">CalculateField L8_puntos Name "Bellas Artes" VB #</Process><Process ToolSource="C:\Program Files (x86)\ArcGIS\Desktop10.0\ArcToolbox\Toolboxes\Data Management Tools.tbx\CalculateField" Date="20140224" Time="170533">CalculateField L8_puntos Name "San Juan de Letrán" VB #</Process><Process ToolSource="C:\Program Files (x86)\ArcGIS\Desktop10.0\ArcToolbox\Toolboxes\Data Management Tools.tbx\CalculateField" Date="20140224" Time="170554">CalculateField L8_puntos Name "Isabel La Católica" VB #</Process><Process ToolSource="C:\Program Files (x86)\ArcGIS\Desktop10.0\ArcToolbox\Toolboxes\Data Management Tools.tbx\CalculateField" Date="20140224" Time="170611">CalculateField L8_puntos Name "Doctores" VB #</Process><Process ToolSource="C:\Program Files (x86)\ArcGIS\Desktop10.0\ArcToolbox\Toolboxes\Data Management Tools.tbx\CalculateField" Date="20140224" Time="170619">CalculateField L8_puntos Name "Obrera" VB #</Process><Process ToolSource="C:\Program Files (x86)\ArcGIS\Desktop10.0\ArcToolbox\Toolboxes\Data Management Tools.tbx\CalculateField" Date="20140224" Time="170629">CalculateField L8_puntos Name "Chabacano" VB #</Process><Process ToolSource="C:\Program Files (x86)\ArcGIS\Desktop10.0\ArcToolbox\Toolboxes\Data Management Tools.tbx\CalculateField" Date="20140224" Time="170645">CalculateField L8_puntos Name "La Viga" VB #</Process><Process ToolSource="C:\Program Files (x86)\ArcGIS\Desktop10.0\ArcToolbox\Toolboxes\Data Management Tools.tbx\CalculateField" Date="20140224" Time="170709">CalculateField L8_puntos Name "Santa Anita" VB #</Process><Process ToolSource="C:\Program Files (x86)\ArcGIS\Desktop10.0\ArcToolbox\Toolboxes\Data Management Tools.tbx\CalculateField" Date="20140224" Time="170730">CalculateField L8_puntos Name "Coyuya" VB #</Process><Process ToolSource="C:\Program Files (x86)\ArcGIS\Desktop10.0\ArcToolbox\Toolboxes\Data Management Tools.tbx\CalculateField" Date="20140224" Time="170741">CalculateField L8_puntos Name "Iztacalco" VB #</Process><Process ToolSource="C:\Program Files (x86)\ArcGIS\Desktop10.0\ArcToolbox\Toolboxes\Data Management Tools.tbx\CalculateField" Date="20140224" Time="170757">CalculateField L8_puntos Name "Apatlaco" VB #</Process><Process ToolSource="C:\Program Files (x86)\ArcGIS\Desktop10.0\ArcToolbox\Toolboxes\Data Management Tools.tbx\CalculateField" Date="20140224" Time="170807">CalculateField L8_puntos Name "Aculco" VB #</Process><Process ToolSource="C:\Program Files (x86)\ArcGIS\Desktop10.0\ArcToolbox\Toolboxes\Data Management Tools.tbx\CalculateField" Date="20140224" Time="170817">CalculateField L8_puntos Name "Escuadrón 201" VB #</Process><Process ToolSource="C:\Program Files (x86)\ArcGIS\Desktop10.0\ArcToolbox\Toolboxes\Data Management Tools.tbx\CalculateField" Date="20140224" Time="170830">CalculateField L8_puntos Name "Atlalilco" VB #</Process><Process ToolSource="C:\Program Files (x86)\ArcGIS\Desktop10.0\ArcToolbox\Toolboxes\Data Management Tools.tbx\CalculateField" Date="20140224" Time="170844">CalculateField L8_puntos Name "Iztapalapa" VB #</Process><Process ToolSource="C:\Program Files (x86)\ArcGIS\Desktop10.0\ArcToolbox\Toolboxes\Data Management Tools.tbx\CalculateField" Date="20140224" Time="170859">CalculateField L8_puntos Name "Cerro de la Estrella" VB #</Process><Process ToolSource="C:\Program Files (x86)\ArcGIS\Desktop10.0\ArcToolbox\Toolboxes\Data Management Tools.tbx\CalculateField" Date="20140224" Time="170916">CalculateField L8_puntos Name "UAM-I" VB #</Process><Process ToolSource="C:\Program Files (x86)\ArcGIS\Desktop10.0\ArcToolbox\Toolboxes\Data Management Tools.tbx\CalculateField" Date="20140224" Time="170928">CalculateField L8_puntos Name "Constitución de 1917" VB #</Process><Process ToolSource="C:\Program Files (x86)\ArcGIS\Desktop10.0\ArcToolbox\Toolboxes\Data Management Tools.tbx\CalculateField" Date="20140224" Time="202636">CalculateField L8_puntos RUTA "Garibaldi - Constitución de 1917" VB #</Process><Process ToolSource="C:\Program Files (x86)\ArcGIS\Desktop10.0\ArcToolbox\Toolboxes\Data Management Tools.tbx\Merge" Date="20140226" Time="142856">Merge L8_puntos;L9_puntos;LA_puntos;LB_puntos;L7_puntos;L6_puntos;L5_puntos;L4_puntos;L12_puntos;L1_puntos;L2_puntos;L3_puntos;Estaciones_STE;Estaciones;MXB_L3_ESTACIONES;MXB_L1_ESTACIONES "C:\Users\nely\Dropbox\Mapas DOT\masivo\masivo_.shp" "Name "Name" true true false 60 Text 0 0 ,First,#,L8_puntos,Name,-1,-1,L9_puntos,Name,-1,-1,LA_puntos,Name,-1,-1,LB_puntos,Name,-1,-1,L7_puntos,Name,-1,-1,L6_puntos,Name,-1,-1,L5_puntos,Name,-1,-1,L4_puntos,Name,-1,-1,L12_puntos,Name,-1,-1,L1_puntos,Name,-1,-1,L2_puntos,NAME,-1,-1,L3_puntos,Name,-1,-1,Estaciones_STE,NAME,-1,-1,Estaciones,Name,-1,-1,MXB_L3_ESTACIONES,NAME,-1,-1,MXB_L1_ESTACIONES,Name,-1,-1;RUTA "RUTA" true true false 50 Text 0 0 ,First,#,L8_puntos,RUTA,-1,-1,L9_puntos,RUTA,-1,-1,LA_puntos,RUTA,-1,-1,LB_puntos,RUTA,-1,-1,L7_puntos,RUTA,-1,-1,L6_puntos,RUTA,-1,-1,L5_puntos,ruta,-1,-1,L4_puntos,RUTA,-1,-1,L12_puntos,RUTA,-1,-1,L1_puntos,RUTA,-1,-1,L2_puntos,RUTA,-1,-1,L3_puntos,RUTA,-1,-1,Estaciones,Ruta,-1,-1;ADICIONAL "ADICIONAL" true true false 50 Text 0 0 ,First,#,L8_puntos,ADICIONAL,-1,-1,L9_puntos,ADICIONAL,-1,-1,LA_puntos,ADICIONAL,-1,-1,LB_puntos,ADICIONAL,-1,-1,L7_puntos,ADICIONAL,-1,-1,L6_puntos,ADICIONAL,-1,-1,L5_puntos,ADICIONAL,-1,-1,L4_puntos,ADICIONAL,-1,-1,L12_puntos,ADICIONAL,-1,-1,L1_puntos,ADICIONAL,-1,-1,L2_puntos,ADICIONAL,-1,-1,L3_puntos,ADICIONAL,-1,-1,Estaciones,ADICIONAL,-1,-1,MXB_L3_ESTACIONES,ADICIONAL,-1,-1,MXB_L1_ESTACIONES,ADICIONAL,-1,-1;ORIG_FID "ORIG_FID" true true false 9 Long 0 9 ,First,#,Estaciones_STE,ORIG_FID,-1,-1;EXPRESS1 "EXPRESS1" true true false 10 Text 0 0 ,First,#,Estaciones_STE,EXPRESS1,-1,-1,MXB_L3_ESTACIONES,EXPRESS1,-1,-1;EXPRESS2 "EXPRESS2" true true false 10 Text 0 0 ,First,#,Estaciones_STE,EXPRESS2,-1,-1,MXB_L3_ESTACIONES,EXPRESS2,-1,-1;NOESTACION "NOESTACION" true true false 4 Short 0 4 ,First,#,Estaciones_STE,NOESTACION,-1,-1,MXB_L3_ESTACIONES,NOESTACION,-1,-1;OID_1 "OID_1" true true false 9 Long 0 9 ,First,#,Estaciones_STE,OID_1,-1,-1,MXB_L3_ESTACIONES,OID_1,-1,-1;X "X" true true false 19 Double 0 0 ,First,#,Estaciones_STE,X,-1,-1,MXB_L3_ESTACIONES,X,-1,-1;Y "Y" true true false 19 Double 0 0 ,First,#,Estaciones_STE,Y,-1,-1,MXB_L3_ESTACIONES,Y,-1,-1;Ordinario "Ordinario" true true false 11 Text 0 0 ,First,#,Estaciones_STE,Ordinario,-1,-1,MXB_L3_ESTACIONES,Ordinario,-1,-1;FolderPath "FolderPath" true true false 254 Text 0 0 ,First,#,Estaciones_STE,FolderPath,-1,-1,MXB_L1_ESTACIONES,FolderPath,-1,-1;SymbolID "SymbolID" true true false 9 Long 0 9 ,First,#,Estaciones_STE,SymbolID,-1,-1;AltitudeMo "AltitudeMo" true true false 4 Short 0 4 ,First,#,Estaciones_STE,AltitudeMo,-1,-1;Snippet "Snippet" true true false 254 Text 0 0 ,First,#,Estaciones_STE,Snippet,-1,-1;PopupInfo "PopupInfo" true true false 254 Text 0 0 ,First,#,Estaciones_STE,PopupInfo,-1,-1;AGENCIA "AGENCIA" true true false 50 Text 0 0 ,First,#,Estaciones_STE,AGENCIA,-1,-1;Tipo "Tipo" true true false 20 Text 0 0 ,First,#,Estaciones,Tipo,-1,-1,MXB_L1_ESTACIONES,TIPO,-1,-1;TPO "TPO" true true false 50 Text 0 0 ,First,#,MXB_L3_ESTACIONES,TPO,-1,-1"</Process><Process ToolSource="C:\Program Files (x86)\ArcGIS\Desktop10.0\ArcToolbox\Toolboxes\Analysis Tools.tbx\Intersect" Date="20140226" Time="143340">Intersect "masivo_ #;AGEB #" "C:\Users\nely\Dropbox\Mapas DOT\AGEB\intersect_2.shp" ALL # INPUT</Process><Process ToolSource="C:\Program Files (x86)\ArcGIS\Desktop10.0\ArcToolbox\Toolboxes\Data Management Tools.tbx\CalculateField" Date="20140226" Time="144335">CalculateField intersect_2 Name "STE" VB #</Process><Process ToolSource="C:\Program Files (x86)\ArcGIS\Desktop10.0\ArcToolbox\Toolboxes\Data Management Tools.tbx\CalculateField" Date="20140226" Time="144354">CalculateField intersect_2 Name "STE" VB #</Process></lineage><itemProps><itemName Sync="TRUE">intersect_2</itemName><imsContentType Sync="TRUE">002</imsContentType><itemSize Sync="TRUE">0.000</itemSize><itemLocation><linkage Sync="TRUE">file://\\PC\Users\nely\Dropbox\Mapas DOT\AGEB\intersect_2.shp</linkage><protocol Sync="TRUE">Local Area Network</protocol></itemLocation></itemProps><coordRef><type Sync="TRUE">Geographic</type><geogcsn Sync="TRUE">GCS_WGS_1984</geogcsn><peXml Sync="TRUE">&lt;GeographicCoordinateSystem xsi:type='typens:GeographicCoordinateSystem' xmlns:xsi='http://www.w3.org/2001/XMLSchema-instance' xmlns:xs='http://www.w3.org/2001/XMLSchema' xmlns:typens='http://www.esri.com/schemas/ArcGIS/10.0'&gt;&lt;WKT&gt;GEOGCS[&amp;quot;GCS_WGS_1984&amp;quot;,DATUM[&amp;quot;D_WGS_1984&amp;quot;,SPHEROID[&amp;quot;WGS_1984&amp;quot;,6378137.0,298.257223563]],PRIMEM[&amp;quot;Greenwich&amp;quot;,0.0],UNIT[&amp;quot;Degree&amp;quot;,0.0174532925199433],AUTHORITY[&amp;quot;EPSG&amp;quot;,4326]]&lt;/WKT&gt;&lt;XOrigin&gt;-399.99999999999989&lt;/XOrigin&gt;&lt;YOrigin&gt;-399.99999999999989&lt;/YOrigin&gt;&lt;XYScale&gt;11258999068426.24&lt;/XYScale&gt;&lt;ZOrigin&gt;-100000&lt;/ZOrigin&gt;&lt;ZScale&gt;10000&lt;/ZScale&gt;&lt;MOrigin&gt;-100000&lt;/MOrigin&gt;&lt;MScale&gt;10000&lt;/MScale&gt;&lt;XYTolerance&gt;8.9831528411952133e-009&lt;/XYTolerance&gt;&lt;ZTolerance&gt;0.001&lt;/ZTolerance&gt;&lt;MTolerance&gt;0.001&lt;/MTolerance&gt;&lt;HighPrecision&gt;true&lt;/HighPrecision&gt;&lt;LeftLongitude&gt;-180&lt;/LeftLongitude&gt;&lt;WKID&gt;4326&lt;/WKID&gt;&lt;/GeographicCoordinateSystem&gt;</peXml></coordRef></DataProperties><SyncDate>20140226</SyncDate><SyncTime>14333600</SyncTime><ModDate>20140226</ModDate><ModTime>14333600</ModTime></Esri><dataIdInfo><envirDesc Sync="TRUE"> Version 6.2 (Build 9200) ; ESRI ArcGIS 10.0.0.2414</envirDesc><dataLang><languageCode value="spa" country="MEX"></languageCode></dataLang><idCitation><resTitle Sync="TRUE">intersect_2</resTitle><presForm><PresFormCd value="005"></PresFormCd></presForm></idCitation><descKeys><thesaName uuidref="723f6998-058e-11dc-8314-0800200c9a66"></thesaName><keyword Sync="TRUE">002</keyword></descKeys><spatRpType><SpatRepTypCd value="001"></SpatRepTypCd></spatRpType></dataIdInfo><mdLang><languageCode value="spa"></languageCode></mdLang><mdChar><CharSetCd value="004"></CharSetCd></mdChar><distInfo><distFormat><formatName Sync="TRUE">Shapefile</formatName></distFormat><distTranOps><transSize Sync="TRUE">0.000</transSize></distTranOps></distInfo><mdHrLv><ScopeCd value="005"></ScopeCd></mdHrLv><mdHrLvName Sync="TRUE">dataset</mdHrLvName><refSysInfo><RefSystem><refSysID><identCode code="4326"></identCode><idCodeSpace Sync="TRUE">EPSG</idCodeSpace><idVersion Sync="TRUE">7.4.1</idVersion></refSysID></RefSystem></refSysInfo><spdoinfo><ptvctinf><esriterm Name="intersect_2"><efeatyp Sync="TRUE">Simple</efeatyp><efeageom Sync="TRUE">1</efeageom><esritopo Sync="TRUE">FALSE</esritopo><efeacnt Sync="TRUE">0</efeacnt><spindex Sync="TRUE">FALSE</spindex><linrefer Sync="TRUE">TRUE</linrefer></esriterm></ptvctinf></spdoinfo><spatRepInfo><VectSpatRep><topLvl><TopoLevCd value="001"></TopoLevCd></topLvl><geometObjs><geoObjTyp><GeoObjTypCd value="004"></GeoObjTypCd><geoObjCnt Sync="TRUE">0</geoObjCnt></geoObjTyp></geometObjs></VectSpatRep></spatRepInfo><eainfo><detailed Name="intersect_2"><enttyp><enttypl Sync="TRUE">intersect_2</enttypl><enttypt Sync="TRUE">Feature Class</enttypt><enttypc Sync="TRUE">0</enttypc></enttyp><attr><attrlabl Sync="TRUE">FID</attrlabl><attalias Sync="TRUE">FID</attalias><attrtype Sync="TRUE">OID</attrtype><attwidth Sync="TRUE">4</attwidth><atprecis Sync="TRUE">0</atprecis><attscale Sync="TRUE">0</attscale><attrdef Sync="TRUE">Internal feature number.</attrdef><attrdefs Sync="TRUE">ESRI</attrdefs><attrdomv><udom Sync="TRUE">Sequential unique whole numbers that are automatically generated.</udom></attrdomv></attr><attr><attrlabl Sync="TRUE">Shape</attrlabl><attalias Sync="TRUE">Shape</attalias><attrtype Sync="TRUE">Geometry</attrtype><attwidth Sync="TRUE">0</attwidth><atprecis Sync="TRUE">0</atprecis><attscale Sync="TRUE">0</attscale><attrdef Sync="TRUE">Feature geometry.</attrdef><attrdefs Sync="TRUE">ESRI</attrdefs><attrdomv><udom Sync="TRUE">Coordinates defining the features.</udom></attrdomv></attr><attr><attrlabl Sync="TRUE">FID_masivo</attrlabl><attalias Sync="TRUE">FID_masivo</attalias><attrtype Sync="TRUE">Integer</attrtype><attwidth Sync="TRUE">9</attwidth><atprecis Sync="TRUE">9</atprecis><attscale Sync="TRUE">0</attscale></attr><attr><attrlabl Sync="TRUE">Name</attrlabl><attalias Sync="TRUE">Name</attalias><attrtype Sync="TRUE">String</attrtype><attwidth Sync="TRUE">60</attwidth><atprecis Sync="TRUE">0</atprecis><attscale Sync="TRUE">0</attscale></attr><attr><attrlabl Sync="TRUE">RUTA</attrlabl><attalias Sync="TRUE">RUTA</attalias><attrtype Sync="TRUE">String</attrtype><attwidth Sync="TRUE">50</attwidth><atprecis Sync="TRUE">0</atprecis><attscale Sync="TRUE">0</attscale></attr><attr><attrlabl Sync="TRUE">ADICIONAL</attrlabl><attalias Sync="TRUE">ADICIONAL</attalias><attrtype Sync="TRUE">String</attrtype><attwidth Sync="TRUE">50</attwidth><atprecis Sync="TRUE">0</atprecis><attscale Sync="TRUE">0</attscale></attr><attr><attrlabl Sync="TRUE">ORIG_FID</attrlabl><attalias Sync="TRUE">ORIG_FID</attalias><attrtype Sync="TRUE">Integer</attrtype><attwidth Sync="TRUE">9</attwidth><atprecis Sync="TRUE">9</atprecis><attscale Sync="TRUE">0</attscale></attr><attr><attrlabl Sync="TRUE">EXPRESS1</attrlabl><attalias Sync="TRUE">EXPRESS1</attalias><attrtype Sync="TRUE">String</attrtype><attwidth Sync="TRUE">10</attwidth><atprecis Sync="TRUE">0</atprecis><attscale Sync="TRUE">0</attscale></attr><attr><attrlabl Sync="TRUE">EXPRESS2</attrlabl><attalias Sync="TRUE">EXPRESS2</attalias><attrtype Sync="TRUE">String</attrtype><attwidth Sync="TRUE">10</attwidth><atprecis Sync="TRUE">0</atprecis><attscale Sync="TRUE">0</attscale></attr><attr><attrlabl Sync="TRUE">NOESTACION</attrlabl><attalias Sync="TRUE">NOESTACION</attalias><attrtype Sync="TRUE">SmallInteger</attrtype><attwidth Sync="TRUE">4</attwidth><atprecis Sync="TRUE">4</atprecis><attscale Sync="TRUE">0</attscale></attr><attr><attrlabl Sync="TRUE">OID_1</attrlabl><attalias Sync="TRUE">OID_1</attalias><attrtype Sync="TRUE">Integer</attrtype><attwidth Sync="TRUE">9</attwidth><atprecis Sync="TRUE">9</atprecis><attscale Sync="TRUE">0</attscale></attr><attr><attrlabl Sync="TRUE">X</attrlabl><attalias Sync="TRUE">X</attalias><attrtype Sync="TRUE">Double</attrtype><attwidth Sync="TRUE">19</attwidth><atprecis Sync="TRUE">0</atprecis><attscale Sync="TRUE">0</attscale></attr><attr><attrlabl Sync="TRUE">Y</attrlabl><attalias Sync="TRUE">Y</attalias><attrtype Sync="TRUE">Double</attrtype><attwidth Sync="TRUE">19</attwidth><atprecis Sync="TRUE">0</atprecis><attscale Sync="TRUE">0</attscale></attr><attr><attrlabl Sync="TRUE">Ordinario</attrlabl><attalias Sync="TRUE">Ordinario</attalias><attrtype Sync="TRUE">String</attrtype><attwidth Sync="TRUE">11</attwidth><atprecis Sync="TRUE">0</atprecis><attscale Sync="TRUE">0</attscale></attr><attr><attrlabl Sync="TRUE">FolderPath</attrlabl><attalias Sync="TRUE">FolderPath</attalias><attrtype Sync="TRUE">String</attrtype><attwidth Sync="TRUE">254</attwidth><atprecis Sync="TRUE">0</atprecis><attscale Sync="TRUE">0</attscale></attr><attr><attrlabl Sync="TRUE">SymbolID</attrlabl><attalias Sync="TRUE">SymbolID</attalias><attrtype Sync="TRUE">Integer</attrtype><attwidth Sync="TRUE">9</attwidth><atprecis Sync="TRUE">9</atprecis><attscale Sync="TRUE">0</attscale></attr><attr><attrlabl Sync="TRUE">AltitudeMo</attrlabl><attalias Sync="TRUE">AltitudeMo</attalias><attrtype Sync="TRUE">SmallInteger</attrtype><attwidth Sync="TRUE">4</attwidth><atprecis Sync="TRUE">4</atprecis><attscale Sync="TRUE">0</attscale></attr><attr><attrlabl Sync="TRUE">Snippet</attrlabl><attalias Sync="TRUE">Snippet</attalias><attrtype Sync="TRUE">String</attrtype><attwidth Sync="TRUE">254</attwidth><atprecis Sync="TRUE">0</atprecis><attscale Sync="TRUE">0</attscale></attr><attr><attrlabl Sync="TRUE">PopupInfo</attrlabl><attalias Sync="TRUE">PopupInfo</attalias><attrtype Sync="TRUE">String</attrtype><attwidth Sync="TRUE">254</attwidth><atprecis Sync="TRUE">0</atprecis><attscale Sync="TRUE">0</attscale></attr><attr><attrlabl Sync="TRUE">AGENCIA</attrlabl><attalias Sync="TRUE">AGENCIA</attalias><attrtype Sync="TRUE">String</attrtype><attwidth Sync="TRUE">50</attwidth><atprecis Sync="TRUE">0</atprecis><attscale Sync="TRUE">0</attscale></attr><attr><attrlabl Sync="TRUE">Tipo</attrlabl><attalias Sync="TRUE">Tipo</attalias><attrtype Sync="TRUE">String</attrtype><attwidth Sync="TRUE">20</attwidth><atprecis Sync="TRUE">0</atprecis><attscale Sync="TRUE">0</attscale></attr><attr><attrlabl Sync="TRUE">TPO</attrlabl><attalias Sync="TRUE">TPO</attalias><attrtype Sync="TRUE">String</attrtype><attwidth Sync="TRUE">50</attwidth><atprecis Sync="TRUE">0</atprecis><attscale Sync="TRUE">0</attscale></attr><attr><attrlabl Sync="TRUE">FID_AGEB</attrlabl><attalias Sync="TRUE">FID_AGEB</attalias><attrtype Sync="TRUE">Integer</attrtype><attwidth Sync="TRUE">9</attwidth><atprecis Sync="TRUE">9</atprecis><attscale Sync="TRUE">0</attscale></attr><attr><attrlabl Sync="TRUE">CVEGEO</attrlabl><attalias Sync="TRUE">CVEGEO</attalias><attrtype Sync="TRUE">String</attrtype><attwidth Sync="TRUE">13</attwidth><atprecis Sync="TRUE">0</atprecis><attscale Sync="TRUE">0</attscale></attr><attr><attrlabl Sync="TRUE">POB1</attrlabl><attalias Sync="TRUE">POB1</attalias><attrtype Sync="TRUE">Integer</attrtype><attwidth Sync="TRUE">9</attwidth><atprecis Sync="TRUE">9</atprecis><attscale Sync="TRUE">0</attscale></attr><attr><attrlabl Sync="TRUE">area_ha</attrlabl><attalias Sync="TRUE">area_ha</attalias><attrtype Sync="TRUE">Single</attrtype><attwidth Sync="TRUE">13</attwidth><atprecis Sync="TRUE">0</atprecis><attscale Sync="TRUE">0</attscale></attr><attr><attrlabl Sync="TRUE">densidad</attrlabl><attalias Sync="TRUE">densidad</attalias><attrtype Sync="TRUE">SmallInteger</attrtype><attwidth Sync="TRUE">4</attwidth><atprecis Sync="TRUE">4</atprecis><attscale Sync="TRUE">0</attscale></attr></detailed></eainfo><mdDateSt Sync="TRUE">20140226</mdDateSt></metadata>
