<?xml version="1.0" encoding="UTF-8"?>
<metadata xml:lang="es"><Esri><CreaDate>20140430</CreaDate><CreaTime>16080700</CreaTime><ArcGISFormat>1.0</ArcGISFormat><SyncOnce>FALSE</SyncOnce><DataProperties><lineage><Process ToolSource="C:\Program Files (x86)\ArcGIS\Desktop10.0\ArcToolbox\Toolboxes\Data Management Tools.tbx\CalculateField" Date="20140307" Time="144822">CalculateField estaciones_ Name "Buenavista" VB #</Process><Process ToolSource="C:\Program Files (x86)\ArcGIS\Desktop10.0\ArcToolbox\Toolboxes\Data Management Tools.tbx\CalculateField" Date="20140307" Time="144835">CalculateField estaciones_ Name "Cuautitlán" VB #</Process><Process ToolSource="C:\Program Files (x86)\ArcGIS\Desktop10.0\ArcToolbox\Toolboxes\Data Management Tools.tbx\CalculateField" Date="20140307" Time="144845">CalculateField estaciones_ Name "Lechería" VB #</Process><Process ToolSource="C:\Program Files (x86)\ArcGIS\Desktop10.0\ArcToolbox\Toolboxes\Data Management Tools.tbx\CalculateField" Date="20140307" Time="144918">CalculateField estaciones_ Name "Tutltitlán" VB #</Process><Process ToolSource="C:\Program Files (x86)\ArcGIS\Desktop10.0\ArcToolbox\Toolboxes\Data Management Tools.tbx\CalculateField" Date="20140307" Time="144931">CalculateField estaciones_ Name "Tultitlán" VB #</Process><Process ToolSource="C:\Program Files (x86)\ArcGIS\Desktop10.0\ArcToolbox\Toolboxes\Data Management Tools.tbx\CalculateField" Date="20140307" Time="144943">CalculateField estaciones_ Name "Lechería" VB #</Process><Process ToolSource="C:\Program Files (x86)\ArcGIS\Desktop10.0\ArcToolbox\Toolboxes\Data Management Tools.tbx\CalculateField" Date="20140307" Time="145021">CalculateField estaciones_ Name "San Rafael" VB #</Process><Process ToolSource="C:\Program Files (x86)\ArcGIS\Desktop10.0\ArcToolbox\Toolboxes\Data Management Tools.tbx\CalculateField" Date="20140307" Time="145107">CalculateField estaciones_ Name "Fortuna" VB #</Process><Process ToolSource="C:\Program Files (x86)\ArcGIS\Desktop10.0\ArcToolbox\Toolboxes\Data Management Tools.tbx\CalculateField" Date="20140307" Time="145119">CalculateField estaciones_ Name "Tlalnepantla" VB #</Process><Process ToolSource="C:\Program Files (x86)\ArcGIS\Desktop10.0\ArcToolbox\Toolboxes\Data Management Tools.tbx\CalculateField" Date="20140307" Time="145147">CalculateField estaciones_ RUTA "Cuautitlán - Buenavista" VB #</Process><Process ToolSource="C:\Program Files (x86)\ArcGIS\Desktop10.0\ArcToolbox\Toolboxes\Data Management Tools.tbx\Merge" Date="20140310" Time="104150">Merge tren;ste;mxb;mb;stc "C:\Users\nely\Dropbox\Mapas DOT\masivo\puntos_.shp" "Name "Name" true true false 60 Text 0 0 ,First,#,tren,Name,-1,-1,ste,NAME,-1,-1,mxb,NAME,-1,-1,mb,Name,-1,-1,stc,Name,-1,-1;RUTA "RUTA" true true false 50 Text 0 0 ,First,#,tren,RUTA,-1,-1,ste,RUTA,-1,-1,mb,Ruta,-1,-1,stc,RUTA,-1,-1;ADICIONAL "ADICIONAL" true true false 50 Text 0 0 ,First,#,tren,ADICIONAL,-1,-1,ste,ADICIONAL,-1,-1,mxb,ADICIONAL,-1,-1,mb,ADICIONAL,-1,-1,stc,ADICIONAL,-1,-1;stop_id "stop_id" true true false 254 Text 0 0 ,First,#,ste,stop_id,-1,-1;AGENCIA "AGENCIA" true true false 50 Text 0 0 ,First,#,ste,AGENCIA,-1,-1;EXPRESS1 "EXPRESS1" true true false 10 Text 0 0 ,First,#,mxb,EXPRESS1,-1,-1;EXPRESS2 "EXPRESS2" true true false 10 Text 0 0 ,First,#,mxb,EXPRESS2,-1,-1;NOESTACION "NOESTACION" true true false 4 Short 0 4 ,First,#,mxb,NOESTACION,-1,-1;OID_1 "OID_1" true true false 9 Long 0 9 ,First,#,mxb,OID_1,-1,-1;X "X" true true false 19 Double 0 0 ,First,#,mxb,X,-1,-1;Y "Y" true true false 19 Double 0 0 ,First,#,mxb,Y,-1,-1;Ordinario "Ordinario" true true false 11 Text 0 0 ,First,#,mxb,Ordinario,-1,-1;TPO "TPO" true true false 50 Text 0 0 ,First,#,mxb,TPO,-1,-1;FolderPath "FolderPath" true true false 254 Text 0 0 ,First,#,mxb,FolderPath,-1,-1;TIPO "TIPO" true true false 50 Text 0 0 ,First,#,mxb,TIPO,-1,-1,mb,TIPO,-1,-1"</Process><Process ToolSource="C:\Program Files (x86)\ArcGIS\Desktop10.0\ArcToolbox\Toolboxes\Data Management Tools.tbx\CalculateField" Date="20140310" Time="104356">CalculateField puntos_ AGENCIA "Tren Suburbano" VB #</Process><Process ToolSource="C:\Program Files (x86)\ArcGIS\Desktop10.0\ArcToolbox\Toolboxes\Data Management Tools.tbx\CalculateField" Date="20140310" Time="104527">CalculateField puntos_ RUTA "Metrobús Línea 3" VB #</Process><Process ToolSource="C:\Program Files (x86)\ArcGIS\Desktop10.0\ArcToolbox\Toolboxes\Data Management Tools.tbx\CalculateField" Date="20140310" Time="104653">CalculateField puntos_ RUTA "Pantitlán - Chimalhuacán" VB #</Process><Process ToolSource="C:\Program Files (x86)\ArcGIS\Desktop10.0\ArcToolbox\Toolboxes\Data Management Tools.tbx\CalculateField" Date="20140310" Time="104728">CalculateField puntos_ Name "Voca 3" VB #</Process><Process ToolSource="C:\Program Files (x86)\ArcGIS\Desktop10.0\ArcToolbox\Toolboxes\Data Management Tools.tbx\CalculateField" Date="20140310" Time="104757">CalculateField puntos_ Name "Ángel Urraza" VB #</Process><Process ToolSource="C:\Program Files (x86)\ArcGIS\Desktop10.0\ArcToolbox\Toolboxes\Data Management Tools.tbx\CalculateField" Date="20140310" Time="104824">CalculateField puntos_ Name "Av. FFCC Hidalgo" VB #</Process><Process ToolSource="C:\Program Files (x86)\ArcGIS\Desktop10.0\ArcToolbox\Toolboxes\Data Management Tools.tbx\CalculateField" Date="20140310" Time="104844">CalculateField puntos_ Name "Buenavista" VB #</Process><Process ToolSource="C:\Program Files (x86)\ArcGIS\Desktop10.0\ArcToolbox\Toolboxes\Data Management Tools.tbx\CalculateField" Date="20140310" Time="104908">CalculateField puntos_ Name "Manuel González" VB #</Process><Process ToolSource="C:\Program Files (x86)\ArcGIS\Desktop10.0\ArcToolbox\Toolboxes\Data Management Tools.tbx\CalculateField" Date="20140310" Time="104938">CalculateField puntos_ AGENCIA "Mexibús" VB #</Process><Process ToolSource="C:\Program Files (x86)\ArcGIS\Desktop10.0\ArcToolbox\Toolboxes\Data Management Tools.tbx\CalculateField" Date="20140310" Time="105007">CalculateField puntos_ RUTA "Ojo de Agua - Ciudad Azteca" VB #</Process><Process ToolSource="C:\Program Files (x86)\ArcGIS\Desktop10.0\ArcToolbox\Toolboxes\Data Management Tools.tbx\CalculateField" Date="20140310" Time="105022">CalculateField puntos_ Name "Ojo de Agua" VB #</Process><Process ToolSource="C:\Program Files (x86)\ArcGIS\Desktop10.0\ArcToolbox\Toolboxes\Data Management Tools.tbx\CalculateField" Date="20140310" Time="105250">CalculateField puntos_ Dirección [RUTA] VB #</Process><Process ToolSource="C:\Program Files (x86)\ArcGIS\Desktop10.0\ArcToolbox\Toolboxes\Data Management Tools.tbx\CalculateField" Date="20140310" Time="105328">CalculateField puntos_ RUTA "Mexibús Línea 1" VB #</Process><Process ToolSource="C:\Program Files (x86)\ArcGIS\Desktop10.0\ArcToolbox\Toolboxes\Data Management Tools.tbx\CalculateField" Date="20140310" Time="105341">CalculateField puntos_ RUTA "Mexibús Línea 3" VB #</Process><Process ToolSource="C:\Program Files (x86)\ArcGIS\Desktop10.0\ArcToolbox\Toolboxes\Data Management Tools.tbx\CalculateField" Date="20140310" Time="105429">CalculateField puntos_ AGENCIA "Metrobús" VB #</Process><Process ToolSource="C:\Program Files (x86)\ArcGIS\Desktop10.0\ArcToolbox\Toolboxes\Data Management Tools.tbx\CalculateField" Date="20140310" Time="105502">CalculateField puntos_ Dirección "Río de los Remedios - San Lázaro" VB #</Process><Process ToolSource="C:\Program Files (x86)\ArcGIS\Desktop10.0\ArcToolbox\Toolboxes\Data Management Tools.tbx\CalculateField" Date="20140310" Time="105638">CalculateField puntos_ Dirección "Buenavista - Aeropuerto" VB #</Process><Process ToolSource="C:\Program Files (x86)\ArcGIS\Desktop10.0\ArcToolbox\Toolboxes\Data Management Tools.tbx\CalculateField" Date="20140310" Time="105656">CalculateField puntos_ RUTA "Metrobús Línea 4" VB #</Process><Process ToolSource="C:\Program Files (x86)\ArcGIS\Desktop10.0\ArcToolbox\Toolboxes\Data Management Tools.tbx\CalculateField" Date="20140310" Time="105936">CalculateField puntos_ Dirección "Tenayuca - Etiopía" VB #</Process><Process ToolSource="C:\Program Files (x86)\ArcGIS\Desktop10.0\ArcToolbox\Toolboxes\Data Management Tools.tbx\CalculateField" Date="20140310" Time="110027">CalculateField puntos_ Dirección "Indios Verdes - Caminero" VB #</Process><Process ToolSource="C:\Program Files (x86)\ArcGIS\Desktop10.0\ArcToolbox\Toolboxes\Data Management Tools.tbx\CalculateField" Date="20140310" Time="110047">CalculateField puntos_ Dirección "Indios Verdes - Caminero" VB #</Process><Process ToolSource="C:\Program Files (x86)\ArcGIS\Desktop10.0\ArcToolbox\Toolboxes\Data Management Tools.tbx\CalculateField" Date="20140310" Time="110133">CalculateField puntos_ Dirección "Tacubaya - Tepalcates" VB #</Process><Process ToolSource="C:\Program Files (x86)\ArcGIS\Desktop10.0\ArcToolbox\Toolboxes\Data Management Tools.tbx\CalculateField" Date="20140310" Time="110250">CalculateField puntos_ AGENCIA "Sistema de Transporte Colectivo" VB #</Process><Process ToolSource="C:\Program Files (x86)\ArcGIS\Desktop10.0\ArcToolbox\Toolboxes\Data Management Tools.tbx\CalculateField" Date="20140310" Time="110315">CalculateField puntos_ AGENCIA "Sistema de Transporte Colectivo" VB #</Process><Process ToolSource="C:\Program Files (x86)\ArcGIS\Desktop10.0\ArcToolbox\Toolboxes\Data Management Tools.tbx\CalculateField" Date="20140310" Time="110343">CalculateField puntos_ RUTA "STC Línea B" VB #</Process><Process ToolSource="C:\Program Files (x86)\ArcGIS\Desktop10.0\ArcToolbox\Toolboxes\Data Management Tools.tbx\CalculateField" Date="20140310" Time="110403">CalculateField puntos_ Dirección "Buenavista - Ciudad Azteca" VB #</Process><Process ToolSource="C:\Program Files (x86)\ArcGIS\Desktop10.0\ArcToolbox\Toolboxes\Data Management Tools.tbx\CalculateField" Date="20140310" Time="110437">CalculateField puntos_ RUTA "STC Línea A" VB #</Process><Process ToolSource="C:\Program Files (x86)\ArcGIS\Desktop10.0\ArcToolbox\Toolboxes\Data Management Tools.tbx\CalculateField" Date="20140310" Time="110449">CalculateField puntos_ RUTA "STC Línea 9" VB #</Process><Process ToolSource="C:\Program Files (x86)\ArcGIS\Desktop10.0\ArcToolbox\Toolboxes\Data Management Tools.tbx\CalculateField" Date="20140310" Time="110503">CalculateField puntos_ RUTA "STC Línea 8" VB #</Process><Process ToolSource="C:\Program Files (x86)\ArcGIS\Desktop10.0\ArcToolbox\Toolboxes\Data Management Tools.tbx\CalculateField" Date="20140310" Time="110515">CalculateField puntos_ RUTA "STC Línea 7" VB #</Process><Process ToolSource="C:\Program Files (x86)\ArcGIS\Desktop10.0\ArcToolbox\Toolboxes\Data Management Tools.tbx\CalculateField" Date="20140310" Time="110529">CalculateField puntos_ RUTA "STC Línea 6" VB #</Process><Process ToolSource="C:\Program Files (x86)\ArcGIS\Desktop10.0\ArcToolbox\Toolboxes\Data Management Tools.tbx\CalculateField" Date="20140310" Time="110542">CalculateField puntos_ RUTA "STC Línea 5" VB #</Process><Process ToolSource="C:\Program Files (x86)\ArcGIS\Desktop10.0\ArcToolbox\Toolboxes\Data Management Tools.tbx\CalculateField" Date="20140310" Time="110808">CalculateField puntos_ RUTA "STC Línea 4" VB #</Process><Process ToolSource="C:\Program Files (x86)\ArcGIS\Desktop10.0\ArcToolbox\Toolboxes\Data Management Tools.tbx\CalculateField" Date="20140310" Time="110829">CalculateField puntos_ RUTA "STC Línea 3" VB #</Process><Process ToolSource="C:\Program Files (x86)\ArcGIS\Desktop10.0\ArcToolbox\Toolboxes\Data Management Tools.tbx\CalculateField" Date="20140310" Time="110841">CalculateField puntos_ RUTA "STC Línea 2" VB #</Process><Process ToolSource="C:\Program Files (x86)\ArcGIS\Desktop10.0\ArcToolbox\Toolboxes\Data Management Tools.tbx\CalculateField" Date="20140310" Time="110853">CalculateField puntos_ RUTA "STC Línea 1" VB #</Process><Process ToolSource="C:\Program Files (x86)\ArcGIS\Desktop10.0\ArcToolbox\Toolboxes\Data Management Tools.tbx\CalculateField" Date="20140310" Time="110902">CalculateField puntos_ RUTA "STC Línea 12" VB #</Process><Process ToolSource="c:\program files (x86)\arcgis\desktop10.1\ArcToolbox\Toolboxes\Analysis Tools.tbx\Buffer" Date="20140417" Time="140804">Buffer puntos_ "C:\Users\NelishhPC\Dropbox\Mapas DOT\masivo\buffer2000.shp" "2000 Meters" FULL ROUND NONE #</Process><Process ToolSource="c:\program files (x86)\arcgis\desktop10.1\ArcToolbox\Toolboxes\Data Management Tools.tbx\CalculateField" Date="20140418" Time="013443">CalculateField buffer2000 densidad "[pob1] / [SUP]" VB #</Process><Process ToolSource="c:\program files (x86)\arcgis\desktop10.1\ArcToolbox\Toolboxes\Data Management Tools.tbx\CalculateField" Date="20140420" Time="223445">CalculateField buffer2000 clave [FID] VB #</Process><Process ToolSource="c:\program files (x86)\arcgis\desktop10.1\ArcToolbox\Toolboxes\Data Management Tools.tbx\CalculateField" Date="20140420" Time="223514">CalculateField buffer2000 clave [FID] VB #</Process><Process ToolSource="c:\program files (x86)\arcgis\desktop10.1\ArcToolbox\Toolboxes\Data Management Tools.tbx\CalculateField" Date="20140420" Time="223611">CalculateField buffer2000 clave [clave] VB #</Process><Process ToolSource="c:\program files (x86)\arcgis\desktop10.1\ArcToolbox\Toolboxes\Data Management Tools.tbx\CalculateField" Date="20140420" Time="223759">CalculateField buffer2000 clave [FID] VB #</Process><Process ToolSource="c:\program files (x86)\arcgis\desktop10.1\ArcToolbox\Toolboxes\Data Management Tools.tbx\CalculateField" Date="20140420" Time="235007">CalculateField buffer2000 clave [FID] VB #</Process><Process ToolSource="c:\program files (x86)\arcgis\desktop10.1\ArcToolbox\Toolboxes\Data Management Tools.tbx\CalculateField" Date="20140423" Time="145523">CalculateField buffer2000 ID_Circulo [clave] VB #</Process><Process ToolSource="C:\Program Files (x86)\ArcGIS\Desktop10.0\ArcToolbox\Toolboxes\Data Management Tools.tbx\CalculateField" Date="20140430" Time="155659">CalculateField act_2000 disc_r [disc1_r] VB #</Process><Process ToolSource="C:\Program Files (x86)\ArcGIS\Desktop10.0\ArcToolbox\Toolboxes\Data Management Tools.tbx\DeleteField" Date="20140430" Time="155720">DeleteField act_2000 disc1_r</Process><Process ToolSource="C:\Program Files (x86)\ArcGIS\Desktop10.0\ArcToolbox\Toolboxes\Data Management Tools.tbx\Merge" Date="20140430" Time="160210">Merge act_2000;buffer2000 C:\Users\ssocialtp\Desktop\santiago\mrge.shp "Name "Name" true true false 60 Text 0 0 ,First,#,act_2000,Name,-1,-1;RUTA "RUTA" true true false 50 Text 0 0 ,First,#,act_2000,RUTA,-1,-1;ADICIONAL "ADICIONAL" true true false 50 Text 0 0 ,First,#,act_2000,ADICIONAL,-1,-1;AGENCIA "AGENCIA" true true false 50 Text 0 0 ,First,#,act_2000,AGENCIA,-1,-1;Dirección "Dirección" true true false 50 Text 0 0 ,First,#,act_2000,Dirección,-1,-1;viv_r "viv_r" true true false 9 Long 0 9 ,First,#,act_2000,viv_r,-1,-1;eco4_r "eco4_r" true true false 9 Long 0 9 ,First,#,act_2000,eco4_r,-1,-1,buffer2000,eco4_r,-1,-1;pob1 "pob1" true true false 9 Long 0 9 ,First,#,act_2000,pob1,-1,-1,buffer2000,pob1,-1,-1;eco25_r "eco25_r" true true false 9 Long 0 9 ,First,#,act_2000,eco25_r,-1,-1,buffer2000,eco25_r,-1,-1;viv28_R "viv28_R" true true false 9 Long 0 9 ,First,#,act_2000,viv28_R,-1,-1,buffer2000,viv28_r,-1,-1;densidad "densidad" true true false 9 Long 0 9 ,First,#,act_2000,densidad,-1,-1,buffer2000,densidad,-1,-1;empleo_r "empleo_r" true true false 4 Short 0 4 ,First,#,act_2000,empleo_r,-1,-1,buffer2000,empleo_r,-1,-1;ID_Circulo "ID_Circulo" true true false 9 Long 0 9 ,First,#,act_2000,ID_Circulo,-1,-1,buffer2000,ID_Circulo,-1,-1;viv0 "viv0" true true false 9 Long 0 9 ,First,#,act_2000,viv0,-1,-1,buffer2000,viv0,-1,-1;disc_r "disc_r" true true false 9 Long 0 9 ,First,#,act_2000,disc_r,-1,-1,buffer2000,disc_r,-1,-1;Id "Id" true true false 6 Long 0 6 ,First,#,buffer2000,Id,-1,-1;viv1_r "viv1_r" true true false 4 Short 0 4 ,First,#,buffer2000,viv1_r,-1,-1"</Process><Process ToolSource="C:\Program Files (x86)\ArcGIS\Desktop10.0\ArcToolbox\Toolboxes\Data Management Tools.tbx\CalculateField" Date="20140430" Time="160338">CalculateField mrge AGENCIA "ITDP" VB #</Process><Process ToolSource="C:\Program Files (x86)\ArcGIS\Desktop10.0\ArcToolbox\Toolboxes\Data Management Tools.tbx\CalculateField" Date="20140430" Time="160507">CalculateField mrge viv1_r [viv_r] VB #</Process><Process ToolSource="C:\Program Files (x86)\ArcGIS\Desktop10.0\ArcToolbox\Toolboxes\Data Management Tools.tbx\DeleteField" Date="20140430" Time="160704">DeleteField mrge viv_r</Process><Process ToolSource="C:\Program Files (x86)\ArcGIS\Desktop10.0\ArcToolbox\Toolboxes\Data Management Tools.tbx\DeleteField" Date="20140430" Time="160721">DeleteField mrge Id</Process></lineage><itemProps><itemName Sync="TRUE">mrge</itemName><imsContentType Sync="TRUE">002</imsContentType><itemSize Sync="TRUE">0.000</itemSize><itemLocation><linkage Sync="TRUE">file://\\SSOCIAL5-PC\Users\ssocialtp\Desktop\santiago\mrge.shp</linkage><protocol Sync="TRUE">Local Area Network</protocol></itemLocation></itemProps><coordRef><type Sync="TRUE">Projected</type><geogcsn Sync="TRUE">GCS_WGS_1984</geogcsn><projcsn Sync="TRUE">WGS_1984_UTM_Zone_14N</projcsn><peXml Sync="TRUE">&lt;ProjectedCoordinateSystem xsi:type='typens:ProjectedCoordinateSystem' xmlns:xsi='http://www.w3.org/2001/XMLSchema-instance' xmlns:xs='http://www.w3.org/2001/XMLSchema' xmlns:typens='http://www.esri.com/schemas/ArcGIS/10.0'&gt;&lt;WKT&gt;PROJCS[&amp;quot;WGS_1984_UTM_Zone_14N&amp;quot;,GEOGCS[&amp;quot;GCS_WGS_1984&amp;quot;,DATUM[&amp;quot;D_WGS_1984&amp;quot;,SPHEROID[&amp;quot;WGS_1984&amp;quot;,6378137.0,298.257223563]],PRIMEM[&amp;quot;Greenwich&amp;quot;,0.0],UNIT[&amp;quot;Degree&amp;quot;,0.0174532925199433]],PROJECTION[&amp;quot;Transverse_Mercator&amp;quot;],PARAMETER[&amp;quot;False_Easting&amp;quot;,500000.0],PARAMETER[&amp;quot;False_Northing&amp;quot;,0.0],PARAMETER[&amp;quot;Central_Meridian&amp;quot;,-99.0],PARAMETER[&amp;quot;Scale_Factor&amp;quot;,0.9996],PARAMETER[&amp;quot;Latitude_Of_Origin&amp;quot;,0.0],UNIT[&amp;quot;Meter&amp;quot;,1.0],AUTHORITY[&amp;quot;EPSG&amp;quot;,32614]]&lt;/WKT&gt;&lt;XOrigin&gt;-5120900&lt;/XOrigin&gt;&lt;YOrigin&gt;-9998100&lt;/YOrigin&gt;&lt;XYScale&gt;450445547.3910538&lt;/XYScale&gt;&lt;ZOrigin&gt;-100000&lt;/ZOrigin&gt;&lt;ZScale&gt;10000&lt;/ZScale&gt;&lt;MOrigin&gt;-100000&lt;/MOrigin&gt;&lt;MScale&gt;10000&lt;/MScale&gt;&lt;XYTolerance&gt;0.001&lt;/XYTolerance&gt;&lt;ZTolerance&gt;0.001&lt;/ZTolerance&gt;&lt;MTolerance&gt;0.001&lt;/MTolerance&gt;&lt;HighPrecision&gt;true&lt;/HighPrecision&gt;&lt;WKID&gt;32614&lt;/WKID&gt;&lt;/ProjectedCoordinateSystem&gt;</peXml><csUnits Sync="TRUE">Linear Unit: Meter (1.000000)</csUnits></coordRef></DataProperties><SyncDate>20140430</SyncDate><SyncTime>16021000</SyncTime><ModDate>20140430</ModDate><ModTime>16021000</ModTime></Esri><dataIdInfo><envirDesc Sync="TRUE">Microsoft Windows Server 2008 R2 Version 6.1 (Build 7601) Service Pack 1; ESRI ArcGIS 10.0.0.2414</envirDesc><dataLang><languageCode value="spa" country="MEX"></languageCode><countryCode value="MEX" Sync="TRUE"></countryCode></dataLang><idCitation><resTitle Sync="TRUE">mrge</resTitle><presForm><PresFormCd value="005"></PresFormCd></presForm></idCitation><descKeys><thesaName uuidref="723f6998-058e-11dc-8314-0800200c9a66"></thesaName><keyword Sync="TRUE">002</keyword></descKeys><spatRpType><SpatRepTypCd value="001"></SpatRepTypCd></spatRpType></dataIdInfo><mdLang><languageCode value="spa"></languageCode><countryCode value="MEX" Sync="TRUE"></countryCode></mdLang><mdChar><CharSetCd value="004"></CharSetCd></mdChar><distInfo><distFormat><formatName Sync="TRUE">Shapefile</formatName></distFormat><distTranOps><transSize Sync="TRUE">0.000</transSize></distTranOps></distInfo><mdHrLv><ScopeCd value="005"></ScopeCd></mdHrLv><mdHrLvName Sync="TRUE">dataset</mdHrLvName><refSysInfo><RefSystem><refSysID><identCode code="32614"></identCode><idCodeSpace Sync="TRUE">EPSG</idCodeSpace><idVersion Sync="TRUE">7.4.1</idVersion></refSysID></RefSystem></refSysInfo><spdoinfo><ptvctinf><esriterm Name="mrge"><efeatyp Sync="TRUE">Simple</efeatyp><efeageom Sync="TRUE">4</efeageom><esritopo Sync="TRUE">FALSE</esritopo><efeacnt Sync="TRUE">0</efeacnt><spindex Sync="TRUE">FALSE</spindex><linrefer Sync="TRUE">FALSE</linrefer></esriterm></ptvctinf></spdoinfo><spatRepInfo><VectSpatRep><geometObjs Name="buffer2000"><geoObjTyp><GeoObjTypCd value="002" Sync="TRUE"></GeoObjTypCd><geoObjCnt Sync="TRUE">0</geoObjCnt></geoObjTyp><geoObjCnt Sync="TRUE">0</geoObjCnt></geometObjs><topLvl><TopoLevCd value="001" Sync="TRUE"></TopoLevCd></topLvl></VectSpatRep></spatRepInfo><eainfo><detailed Name="mrge"><enttyp><enttypl Sync="TRUE">mrge</enttypl><enttypt Sync="TRUE">Feature Class</enttypt><enttypc Sync="TRUE">0</enttypc></enttyp><attr><attrlabl Sync="TRUE">FID</attrlabl><attalias Sync="TRUE">FID</attalias><attrtype Sync="TRUE">OID</attrtype><attwidth Sync="TRUE">4</attwidth><atprecis Sync="TRUE">0</atprecis><attscale Sync="TRUE">0</attscale><attrdef Sync="TRUE">Internal feature number.</attrdef><attrdefs Sync="TRUE">ESRI</attrdefs><attrdomv><udom Sync="TRUE">Sequential unique whole numbers that are automatically generated.</udom></attrdomv></attr><attr><attrlabl Sync="TRUE">Shape</attrlabl><attalias Sync="TRUE">Shape</attalias><attrtype Sync="TRUE">Geometry</attrtype><attwidth Sync="TRUE">0</attwidth><atprecis Sync="TRUE">0</atprecis><attscale Sync="TRUE">0</attscale><attrdef Sync="TRUE">Feature geometry.</attrdef><attrdefs Sync="TRUE">ESRI</attrdefs><attrdomv><udom Sync="TRUE">Coordinates defining the features.</udom></attrdomv></attr><attr><attrlabl Sync="TRUE">Name</attrlabl><attalias Sync="TRUE">Name</attalias><attrtype Sync="TRUE">String</attrtype><attwidth Sync="TRUE">60</attwidth><atprecis Sync="TRUE">0</atprecis><attscale Sync="TRUE">0</attscale></attr><attr><attrlabl Sync="TRUE">RUTA</attrlabl><attalias Sync="TRUE">RUTA</attalias><attrtype Sync="TRUE">String</attrtype><attwidth Sync="TRUE">50</attwidth><atprecis Sync="TRUE">0</atprecis><attscale Sync="TRUE">0</attscale></attr><attr><attrlabl Sync="TRUE">ADICIONAL</attrlabl><attalias Sync="TRUE">ADICIONAL</attalias><attrtype Sync="TRUE">String</attrtype><attwidth Sync="TRUE">50</attwidth><atprecis Sync="TRUE">0</atprecis><attscale Sync="TRUE">0</attscale></attr><attr><attrlabl Sync="TRUE">AGENCIA</attrlabl><attalias Sync="TRUE">AGENCIA</attalias><attrtype Sync="TRUE">String</attrtype><attwidth Sync="TRUE">50</attwidth><atprecis Sync="TRUE">0</atprecis><attscale Sync="TRUE">0</attscale></attr><attr><attrlabl Sync="TRUE">Dirección</attrlabl><attalias Sync="TRUE">Dirección</attalias><attrtype Sync="TRUE">String</attrtype><attwidth Sync="TRUE">50</attwidth><atprecis Sync="TRUE">0</atprecis><attscale Sync="TRUE">0</attscale></attr><attr><attrlabl Sync="TRUE">viv_r</attrlabl><attalias Sync="TRUE">viv_r</attalias><attrtype Sync="TRUE">Integer</attrtype><attwidth Sync="TRUE">9</attwidth><atprecis Sync="TRUE">9</atprecis><attscale Sync="TRUE">0</attscale></attr><attr><attrlabl Sync="TRUE">eco4_r</attrlabl><attalias Sync="TRUE">eco4_r</attalias><attrtype Sync="TRUE">Integer</attrtype><attwidth Sync="TRUE">9</attwidth><atprecis Sync="TRUE">9</atprecis><attscale Sync="TRUE">0</attscale></attr><attr><attrlabl Sync="TRUE">pob1</attrlabl><attalias Sync="TRUE">pob1</attalias><attrtype Sync="TRUE">Integer</attrtype><attwidth Sync="TRUE">9</attwidth><atprecis Sync="TRUE">9</atprecis><attscale Sync="TRUE">0</attscale></attr><attr><attrlabl Sync="TRUE">eco25_r</attrlabl><attalias Sync="TRUE">eco25_r</attalias><attrtype Sync="TRUE">Integer</attrtype><attwidth Sync="TRUE">9</attwidth><atprecis Sync="TRUE">9</atprecis><attscale Sync="TRUE">0</attscale></attr><attr><attrlabl Sync="TRUE">viv28_R</attrlabl><attalias Sync="TRUE">viv28_R</attalias><attrtype Sync="TRUE">Integer</attrtype><attwidth Sync="TRUE">9</attwidth><atprecis Sync="TRUE">9</atprecis><attscale Sync="TRUE">0</attscale></attr><attr><attrlabl Sync="TRUE">densidad</attrlabl><attalias Sync="TRUE">densidad</attalias><attrtype Sync="TRUE">Integer</attrtype><attwidth Sync="TRUE">9</attwidth><atprecis Sync="TRUE">9</atprecis><attscale Sync="TRUE">0</attscale></attr><attr><attrlabl Sync="TRUE">empleo_r</attrlabl><attalias Sync="TRUE">empleo_r</attalias><attrtype Sync="TRUE">SmallInteger</attrtype><attwidth Sync="TRUE">4</attwidth><atprecis Sync="TRUE">4</atprecis><attscale Sync="TRUE">0</attscale></attr><attr><attrlabl Sync="TRUE">ID_Circulo</attrlabl><attalias Sync="TRUE">ID_Circulo</attalias><attrtype Sync="TRUE">Integer</attrtype><attwidth Sync="TRUE">9</attwidth><atprecis Sync="TRUE">9</atprecis><attscale Sync="TRUE">0</attscale></attr><attr><attrlabl Sync="TRUE">viv0</attrlabl><attalias Sync="TRUE">viv0</attalias><attrtype Sync="TRUE">Integer</attrtype><attwidth Sync="TRUE">9</attwidth><atprecis Sync="TRUE">9</atprecis><attscale Sync="TRUE">0</attscale></attr><attr><attrlabl Sync="TRUE">disc_r</attrlabl><attalias Sync="TRUE">disc_r</attalias><attrtype Sync="TRUE">Integer</attrtype><attwidth Sync="TRUE">9</attwidth><atprecis Sync="TRUE">9</atprecis><attscale Sync="TRUE">0</attscale></attr><attr><attrlabl Sync="TRUE">Id</attrlabl><attalias Sync="TRUE">Id</attalias><attrtype Sync="TRUE">Integer</attrtype><attwidth Sync="TRUE">6</attwidth><atprecis Sync="TRUE">6</atprecis><attscale Sync="TRUE">0</attscale></attr><attr><attrlabl Sync="TRUE">viv1_r</attrlabl><attalias Sync="TRUE">viv1_r</attalias><attrtype Sync="TRUE">SmallInteger</attrtype><attwidth Sync="TRUE">4</attwidth><atprecis Sync="TRUE">4</atprecis><attscale Sync="TRUE">0</attscale></attr></detailed></eainfo><mdDateSt Sync="TRUE">20140430</mdDateSt></metadata>
