<?xml version="1.0" encoding="UTF-8"?>
<metadata xml:lang="es"><Esri><CreaDate>20140424</CreaDate><CreaTime>16575100</CreaTime><ArcGISFormat>1.0</ArcGISFormat><SyncOnce>FALSE</SyncOnce><DataProperties><itemProps><itemName Sync="TRUE">merge</itemName><imsContentType Sync="TRUE">002</imsContentType><itemSize Sync="TRUE">0.000</itemSize><itemLocation><linkage Sync="TRUE">file://\\NELISHH\C$\Users\NelishhPC\Dropbox\Mapas DOT\masivo\union\merge.shp</linkage><protocol Sync="TRUE">Local Area Network</protocol></itemLocation></itemProps><coordRef><type Sync="TRUE">Projected</type><geogcsn Sync="TRUE">GCS_WGS_1984</geogcsn><csUnits Sync="TRUE">Linear Unit: Meter (1.000000)</csUnits><projcsn Sync="TRUE">WGS_1984_UTM_Zone_14N</projcsn><peXml Sync="TRUE">&lt;ProjectedCoordinateSystem xsi:type='typens:ProjectedCoordinateSystem' xmlns:xsi='http://www.w3.org/2001/XMLSchema-instance' xmlns:xs='http://www.w3.org/2001/XMLSchema' xmlns:typens='http://www.esri.com/schemas/ArcGIS/10.1'&gt;&lt;WKT&gt;PROJCS[&amp;quot;WGS_1984_UTM_Zone_14N&amp;quot;,GEOGCS[&amp;quot;GCS_WGS_1984&amp;quot;,DATUM[&amp;quot;D_WGS_1984&amp;quot;,SPHEROID[&amp;quot;WGS_1984&amp;quot;,6378137.0,298.257223563]],PRIMEM[&amp;quot;Greenwich&amp;quot;,0.0],UNIT[&amp;quot;Degree&amp;quot;,0.0174532925199433]],PROJECTION[&amp;quot;Transverse_Mercator&amp;quot;],PARAMETER[&amp;quot;False_Easting&amp;quot;,500000.0],PARAMETER[&amp;quot;False_Northing&amp;quot;,0.0],PARAMETER[&amp;quot;Central_Meridian&amp;quot;,-99.0],PARAMETER[&amp;quot;Scale_Factor&amp;quot;,0.9996],PARAMETER[&amp;quot;Latitude_Of_Origin&amp;quot;,0.0],UNIT[&amp;quot;Meter&amp;quot;,1.0],AUTHORITY[&amp;quot;EPSG&amp;quot;,32614]]&lt;/WKT&gt;&lt;XOrigin&gt;-5120900&lt;/XOrigin&gt;&lt;YOrigin&gt;-9998100&lt;/YOrigin&gt;&lt;XYScale&gt;450445547.3910538&lt;/XYScale&gt;&lt;ZOrigin&gt;-100000&lt;/ZOrigin&gt;&lt;ZScale&gt;10000&lt;/ZScale&gt;&lt;MOrigin&gt;-100000&lt;/MOrigin&gt;&lt;MScale&gt;10000&lt;/MScale&gt;&lt;XYTolerance&gt;0.001&lt;/XYTolerance&gt;&lt;ZTolerance&gt;0.001&lt;/ZTolerance&gt;&lt;MTolerance&gt;0.001&lt;/MTolerance&gt;&lt;HighPrecision&gt;true&lt;/HighPrecision&gt;&lt;WKID&gt;32614&lt;/WKID&gt;&lt;LatestWKID&gt;32614&lt;/LatestWKID&gt;&lt;/ProjectedCoordinateSystem&gt;</peXml></coordRef><lineage><Process ToolSource="c:\program files (x86)\arcgis\desktop10.1\ArcToolbox\Toolboxes\Data Management Tools.tbx\Merge" Date="20140424" Time="165754">Merge kjhfkj;buffer800 "C:\Users\NelishhPC\Dropbox\Mapas DOT\masivo\union\merge.shp" "clave "clave" true true false 9 Long 0 9 ,First,#,kjhfkj,clave,-1,-1;FID_1 "FID_1" true true false 9 Long 0 9 ,First,#,kjhfkj,FID_1,-1,-1;ID_Circulo "ID_Circulo" true true false 9 Long 0 9 ,First,#,kjhfkj,ID_Circulo,-1,-1,buffer800,ID_Circulo,-1,-1;viv0 "viv0" true true false 19 Double 6 18 ,First,#,kjhfkj,viv0,-1,-1;densidad "densidad" true true false 4 Short 0 4 ,First,#,kjhfkj,densidad,-1,-1;Name "Name" true true false 60 Text 0 0 ,First,#,kjhfkj,Name,-1,-1;RUTA "RUTA" true true false 50 Text 0 0 ,First,#,kjhfkj,RUTA,-1,-1;ADICIONAL "ADICIONAL" true true false 50 Text 0 0 ,First,#,kjhfkj,ADICIONAL,-1,-1;Relacion "Relacion" true true false 13 Float 0 0 ,First,#,kjhfkj,Relacion,-1,-1;Agencia "Agencia" true true false 50 Text 0 0 ,First,#,kjhfkj,Agencia,-1,-1;Dirección "Dirección" true true false 50 Text 0 0 ,First,#,kjhfkj,Dirección,-1,-1;Pob1 "Pob1" true true false 9 Long 0 9 ,First,#,kjhfkj,Pob1,-1,-1,buffer800,pob1,-1,-1;gmu_ "gmu_" true true false 50 Text 0 0 ,First,#,kjhfkj,gmu_,-1,-1;NSE "NSE" true true false 50 Text 0 0 ,First,#,kjhfkj,NSE,-1,-1;SUP "SUP" true true false 13 Float 0 0 ,First,#,kjhfkj,SUP,-1,-1;ECO4_R "ECO4_R" true true false 9 Long 0 9 ,First,#,kjhfkj,ECO4_R,-1,-1,buffer800,eco4_r,-1,-1;ECO25_R "ECO25_R" true true false 4 Short 0 4 ,First,#,kjhfkj,ECO25_R,-1,-1,buffer800,eco25_r,-1,-1;DISC1_R "DISC1_R" true true false 9 Long 0 9 ,First,#,kjhfkj,DISC1_R,-1,-1;VIV28_R "VIV28_R" true true false 9 Long 0 9 ,First,#,kjhfkj,VIV28_R,-1,-1,buffer800,viv28_r,-1,-1;VIV1_R "VIV1_R" true true false 9 Long 0 9 ,First,#,kjhfkj,VIV1_R,-1,-1,buffer800,viv1_r,-1,-1;EMPLEO_R "EMPLEO_R" true true false 9 Long 0 9 ,First,#,kjhfkj,EMPLEO_R,-1,-1,buffer800,empleo_r,-1,-1;FID_12 "FID_12" true true false 9 Long 0 9 ,First,#,kjhfkj,FID_12,-1,-1;ID_Circu_1 "ID_Circu_1" true true false 9 Long 0 9 ,First,#,kjhfkj,ID_Circu_1,-1,-1;densidad_1 "densidad_1" true true false 4 Short 0 4 ,First,#,kjhfkj,densidad_1,-1,-1;Name_1 "Name_1" true true false 60 Text 0 0 ,First,#,kjhfkj,Name_1,-1,-1;RUTA_1 "RUTA_1" true true false 50 Text 0 0 ,First,#,kjhfkj,RUTA_1,-1,-1;ADICIONA_1 "ADICIONA_1" true true false 50 Text 0 0 ,First,#,kjhfkj,ADICIONA_1,-1,-1;Agencia_1 "Agencia_1" true true false 50 Text 0 0 ,First,#,kjhfkj,Agencia_1,-1,-1;Direcció_1 "Direcció_1" true true false 50 Text 0 0 ,First,#,kjhfkj,Direcció_1,-1,-1;gmu1 "gmu1" true true false 50 Text 0 0 ,First,#,kjhfkj,gmu1,-1,-1;NSE_1 "NSE_1" true true false 50 Text 0 0 ,First,#,kjhfkj,NSE_1,-1,-1;pob1_1 "pob1_1" true true false 9 Long 0 9 ,First,#,kjhfkj,pob1_1,-1,-1;eco4_r_1 "eco4_r_1" true true false 9 Long 0 9 ,First,#,kjhfkj,eco4_r_1,-1,-1;eco25_r_1 "eco25_r_1" true true false 4 Short 0 4 ,First,#,kjhfkj,eco25_r_1,-1,-1;disc_r "disc_r" true true false 4 Short 0 4 ,First,#,kjhfkj,disc_r,-1,-1,buffer800,disc_r,-1,-1;viv28_r_1 "viv28_r_1" true true false 4 Short 0 4 ,First,#,kjhfkj,viv28_r_1,-1,-1;viv1_r_1 "viv1_r_1" true true false 4 Short 0 4 ,First,#,kjhfkj,viv1_r_1,-1,-1;empleo_r_1 "empleo_r_1" true true false 4 Short 0 4 ,First,#,kjhfkj,empleo_r_1,-1,-1"</Process><Process ToolSource="c:\program files (x86)\arcgis\desktop10.1\ArcToolbox\Toolboxes\Data Management Tools.tbx\CalculateField" Date="20140424" Time="170307">CalculateField merge densidad "164" VB #</Process><Process ToolSource="c:\program files (x86)\arcgis\desktop10.1\ArcToolbox\Toolboxes\Data Management Tools.tbx\CalculateField" Date="20140424" Time="170322">CalculateField merge Name "Propuesta ITDP" VB #</Process><Process ToolSource="c:\program files (x86)\arcgis\desktop10.1\ArcToolbox\Toolboxes\Data Management Tools.tbx\CalculateField" Date="20140424" Time="170336">CalculateField merge Agencia "ITDP" VB #</Process><Process ToolSource="c:\program files (x86)\arcgis\desktop10.1\ArcToolbox\Toolboxes\Data Management Tools.tbx\DeleteField" Date="20140424" Time="170444">DeleteField merge FID_1;gmu_;NSE;SUP;ECO4_R;ECO25_R;DISC1_R;VIV28_R;VIV1_R;EMPLEO_R;FID_12;ID_Circu_1;densidad_1;Name_1;RUTA_1;ADICIONA_1;Agencia_1;Direcció_1</Process><Process ToolSource="c:\program files (x86)\arcgis\desktop10.1\ArcToolbox\Toolboxes\Data Management Tools.tbx\CalculateField" Date="20140424" Time="172017">CalculateField merge gmu [gmu1] VB #</Process><Process ToolSource="c:\program files (x86)\arcgis\desktop10.1\ArcToolbox\Toolboxes\Data Management Tools.tbx\CalculateField" Date="20140424" Time="172028">CalculateField merge nse [NSE_1] VB #</Process><Process ToolSource="c:\program files (x86)\arcgis\desktop10.1\ArcToolbox\Toolboxes\Data Management Tools.tbx\CalculateField" Date="20140424" Time="172039">CalculateField merge eco25_r [eco25_r_1] VB #</Process><Process ToolSource="c:\program files (x86)\arcgis\desktop10.1\ArcToolbox\Toolboxes\Data Management Tools.tbx\CalculateField" Date="20140424" Time="172048">CalculateField merge eco4_r [eco4_r] VB #</Process><Process ToolSource="c:\program files (x86)\arcgis\desktop10.1\ArcToolbox\Toolboxes\Data Management Tools.tbx\CalculateField" Date="20140424" Time="174925">CalculateField merge eco4_r [eco4_r_1] VB #</Process><Process ToolSource="c:\program files (x86)\arcgis\desktop10.1\ArcToolbox\Toolboxes\Data Management Tools.tbx\CalculateField" Date="20140424" Time="174936">CalculateField merge viv28_r [viv28_r_1] VB #</Process><Process ToolSource="c:\program files (x86)\arcgis\desktop10.1\ArcToolbox\Toolboxes\Data Management Tools.tbx\CalculateField" Date="20140424" Time="175235">CalculateField merge viv1_r [viv28_r_1] VB #</Process><Process ToolSource="c:\program files (x86)\arcgis\desktop10.1\ArcToolbox\Toolboxes\Data Management Tools.tbx\CalculateField" Date="20140424" Time="175246">CalculateField merge viv1_r [viv1_r_1] VB #</Process><Process ToolSource="c:\program files (x86)\arcgis\desktop10.1\ArcToolbox\Toolboxes\Data Management Tools.tbx\CalculateField" Date="20140424" Time="175533">CalculateField merge empleo_r [empleo_r] VB #</Process><Process ToolSource="c:\program files (x86)\arcgis\desktop10.1\ArcToolbox\Toolboxes\Data Management Tools.tbx\CalculateField" Date="20140424" Time="175549">CalculateField merge empleo_r [empleo_r_1] VB #</Process><Process ToolSource="c:\program files (x86)\arcgis\desktop10.1\ArcToolbox\Toolboxes\Data Management Tools.tbx\CalculateField" Date="20140424" Time="175640">CalculateField merge pob1 [pob1_1] VB #</Process></lineage></DataProperties><SyncDate>20140424</SyncDate><SyncTime>16575200</SyncTime><ModDate>20140424</ModDate><ModTime>16575200</ModTime></Esri><dataIdInfo><envirDesc Sync="TRUE"> Version 6.2 (Build 9200) ; Esri ArcGIS 10.1.0.3035</envirDesc><dataLang><languageCode value="spa" Sync="TRUE"></languageCode><countryCode value="MEX" Sync="TRUE"></countryCode></dataLang><idCitation><resTitle Sync="TRUE">merge</resTitle><presForm><PresFormCd value="005" Sync="TRUE"></PresFormCd></presForm></idCitation><spatRpType><SpatRepTypCd value="001" Sync="TRUE"></SpatRepTypCd></spatRpType></dataIdInfo><mdLang><languageCode value="spa" Sync="TRUE"></languageCode><countryCode value="MEX" Sync="TRUE"></countryCode></mdLang><mdChar><CharSetCd value="004" Sync="TRUE"></CharSetCd></mdChar><distInfo><distFormat><formatName Sync="TRUE">Shapefile</formatName></distFormat><distTranOps><transSize Sync="TRUE">0.000</transSize></distTranOps></distInfo><mdHrLv><ScopeCd value="005" Sync="TRUE"></ScopeCd></mdHrLv><mdHrLvName Sync="TRUE">dataset</mdHrLvName><refSysInfo><RefSystem><refSysID><identCode code="32614" Sync="TRUE"></identCode><idCodeSpace Sync="TRUE">EPSG</idCodeSpace><idVersion Sync="TRUE">7.9.4</idVersion></refSysID></RefSystem></refSysInfo><spatRepInfo><VectSpatRep><geometObjs Name="merge"><geoObjTyp><GeoObjTypCd value="002" Sync="TRUE"></GeoObjTypCd></geoObjTyp><geoObjCnt Sync="TRUE">0</geoObjCnt></geometObjs><topLvl><TopoLevCd value="001" Sync="TRUE"></TopoLevCd></topLvl></VectSpatRep></spatRepInfo><spdoinfo><ptvctinf><esriterm Name="merge"><efeatyp Sync="TRUE">Simple</efeatyp><efeageom code="4" Sync="TRUE"></efeageom><esritopo Sync="TRUE">FALSE</esritopo><efeacnt Sync="TRUE">0</efeacnt><spindex Sync="TRUE">FALSE</spindex><linrefer Sync="TRUE">FALSE</linrefer></esriterm></ptvctinf></spdoinfo><eainfo><detailed Name="merge"><enttyp><enttypl Sync="TRUE">merge</enttypl><enttypt Sync="TRUE">Feature Class</enttypt><enttypc Sync="TRUE">0</enttypc></enttyp><attr><attrlabl Sync="TRUE">FID</attrlabl><attalias Sync="TRUE">FID</attalias><attrtype Sync="TRUE">OID</attrtype><attwidth Sync="TRUE">4</attwidth><atprecis Sync="TRUE">0</atprecis><attscale Sync="TRUE">0</attscale><attrdef Sync="TRUE">Internal feature number.</attrdef><attrdefs Sync="TRUE">Esri</attrdefs><attrdomv><udom Sync="TRUE">Sequential unique whole numbers that are automatically generated.</udom></attrdomv></attr><attr><attrlabl Sync="TRUE">Shape</attrlabl><attalias Sync="TRUE">Shape</attalias><attrtype Sync="TRUE">Geometry</attrtype><attwidth Sync="TRUE">0</attwidth><atprecis Sync="TRUE">0</atprecis><attscale Sync="TRUE">0</attscale><attrdef Sync="TRUE">Feature geometry.</attrdef><attrdefs Sync="TRUE">Esri</attrdefs><attrdomv><udom Sync="TRUE">Coordinates defining the features.</udom></attrdomv></attr><attr><attrlabl Sync="TRUE">clave</attrlabl><attalias Sync="TRUE">clave</attalias><attrtype Sync="TRUE">Integer</attrtype><attwidth Sync="TRUE">9</attwidth><atprecis Sync="TRUE">9</atprecis><attscale Sync="TRUE">0</attscale></attr><attr><attrlabl Sync="TRUE">FID_1</attrlabl><attalias Sync="TRUE">FID_1</attalias><attrtype Sync="TRUE">Integer</attrtype><attwidth Sync="TRUE">9</attwidth><atprecis Sync="TRUE">9</atprecis><attscale Sync="TRUE">0</attscale></attr><attr><attrlabl Sync="TRUE">ID_Circulo</attrlabl><attalias Sync="TRUE">ID_Circulo</attalias><attrtype Sync="TRUE">Integer</attrtype><attwidth Sync="TRUE">9</attwidth><atprecis Sync="TRUE">9</atprecis><attscale Sync="TRUE">0</attscale></attr><attr><attrlabl Sync="TRUE">viv0</attrlabl><attalias Sync="TRUE">viv0</attalias><attrtype Sync="TRUE">Double</attrtype><attwidth Sync="TRUE">19</attwidth><atprecis Sync="TRUE">18</atprecis><attscale Sync="TRUE">6</attscale></attr><attr><attrlabl Sync="TRUE">densidad</attrlabl><attalias Sync="TRUE">densidad</attalias><attrtype Sync="TRUE">SmallInteger</attrtype><attwidth Sync="TRUE">4</attwidth><atprecis Sync="TRUE">4</atprecis><attscale Sync="TRUE">0</attscale></attr><attr><attrlabl Sync="TRUE">Name</attrlabl><attalias Sync="TRUE">Name</attalias><attrtype Sync="TRUE">String</attrtype><attwidth Sync="TRUE">60</attwidth><atprecis Sync="TRUE">0</atprecis><attscale Sync="TRUE">0</attscale></attr><attr><attrlabl Sync="TRUE">RUTA</attrlabl><attalias Sync="TRUE">RUTA</attalias><attrtype Sync="TRUE">String</attrtype><attwidth Sync="TRUE">50</attwidth><atprecis Sync="TRUE">0</atprecis><attscale Sync="TRUE">0</attscale></attr><attr><attrlabl Sync="TRUE">ADICIONAL</attrlabl><attalias Sync="TRUE">ADICIONAL</attalias><attrtype Sync="TRUE">String</attrtype><attwidth Sync="TRUE">50</attwidth><atprecis Sync="TRUE">0</atprecis><attscale Sync="TRUE">0</attscale></attr><attr><attrlabl Sync="TRUE">Relacion</attrlabl><attalias Sync="TRUE">Relacion</attalias><attrtype Sync="TRUE">Single</attrtype><attwidth Sync="TRUE">13</attwidth><atprecis Sync="TRUE">0</atprecis><attscale Sync="TRUE">0</attscale></attr><attr><attrlabl Sync="TRUE">Agencia</attrlabl><attalias Sync="TRUE">Agencia</attalias><attrtype Sync="TRUE">String</attrtype><attwidth Sync="TRUE">50</attwidth><atprecis Sync="TRUE">0</atprecis><attscale Sync="TRUE">0</attscale></attr><attr><attrlabl Sync="TRUE">Dirección</attrlabl><attalias Sync="TRUE">Dirección</attalias><attrtype Sync="TRUE">String</attrtype><attwidth Sync="TRUE">50</attwidth><atprecis Sync="TRUE">0</atprecis><attscale Sync="TRUE">0</attscale></attr><attr><attrlabl Sync="TRUE">Pob1</attrlabl><attalias Sync="TRUE">Pob1</attalias><attrtype Sync="TRUE">Integer</attrtype><attwidth Sync="TRUE">9</attwidth><atprecis Sync="TRUE">9</atprecis><attscale Sync="TRUE">0</attscale></attr><attr><attrlabl Sync="TRUE">gmu_</attrlabl><attalias Sync="TRUE">gmu_</attalias><attrtype Sync="TRUE">String</attrtype><attwidth Sync="TRUE">50</attwidth><atprecis Sync="TRUE">0</atprecis><attscale Sync="TRUE">0</attscale></attr><attr><attrlabl Sync="TRUE">NSE</attrlabl><attalias Sync="TRUE">NSE</attalias><attrtype Sync="TRUE">String</attrtype><attwidth Sync="TRUE">50</attwidth><atprecis Sync="TRUE">0</atprecis><attscale Sync="TRUE">0</attscale></attr><attr><attrlabl Sync="TRUE">SUP</attrlabl><attalias Sync="TRUE">SUP</attalias><attrtype Sync="TRUE">Single</attrtype><attwidth Sync="TRUE">13</attwidth><atprecis Sync="TRUE">0</atprecis><attscale Sync="TRUE">0</attscale></attr><attr><attrlabl Sync="TRUE">ECO4_R</attrlabl><attalias Sync="TRUE">ECO4_R</attalias><attrtype Sync="TRUE">Integer</attrtype><attwidth Sync="TRUE">9</attwidth><atprecis Sync="TRUE">9</atprecis><attscale Sync="TRUE">0</attscale></attr><attr><attrlabl Sync="TRUE">ECO25_R</attrlabl><attalias Sync="TRUE">ECO25_R</attalias><attrtype Sync="TRUE">SmallInteger</attrtype><attwidth Sync="TRUE">4</attwidth><atprecis Sync="TRUE">4</atprecis><attscale Sync="TRUE">0</attscale></attr><attr><attrlabl Sync="TRUE">DISC1_R</attrlabl><attalias Sync="TRUE">DISC1_R</attalias><attrtype Sync="TRUE">Integer</attrtype><attwidth Sync="TRUE">9</attwidth><atprecis Sync="TRUE">9</atprecis><attscale Sync="TRUE">0</attscale></attr><attr><attrlabl Sync="TRUE">VIV28_R</attrlabl><attalias Sync="TRUE">VIV28_R</attalias><attrtype Sync="TRUE">Integer</attrtype><attwidth Sync="TRUE">9</attwidth><atprecis Sync="TRUE">9</atprecis><attscale Sync="TRUE">0</attscale></attr><attr><attrlabl Sync="TRUE">VIV1_R</attrlabl><attalias Sync="TRUE">VIV1_R</attalias><attrtype Sync="TRUE">Integer</attrtype><attwidth Sync="TRUE">9</attwidth><atprecis Sync="TRUE">9</atprecis><attscale Sync="TRUE">0</attscale></attr><attr><attrlabl Sync="TRUE">EMPLEO_R</attrlabl><attalias Sync="TRUE">EMPLEO_R</attalias><attrtype Sync="TRUE">Integer</attrtype><attwidth Sync="TRUE">9</attwidth><atprecis Sync="TRUE">9</atprecis><attscale Sync="TRUE">0</attscale></attr><attr><attrlabl Sync="TRUE">FID_12</attrlabl><attalias Sync="TRUE">FID_12</attalias><attrtype Sync="TRUE">Integer</attrtype><attwidth Sync="TRUE">9</attwidth><atprecis Sync="TRUE">9</atprecis><attscale Sync="TRUE">0</attscale></attr><attr><attrlabl Sync="TRUE">ID_Circu_1</attrlabl><attalias Sync="TRUE">ID_Circu_1</attalias><attrtype Sync="TRUE">Integer</attrtype><attwidth Sync="TRUE">9</attwidth><atprecis Sync="TRUE">9</atprecis><attscale Sync="TRUE">0</attscale></attr><attr><attrlabl Sync="TRUE">densidad_1</attrlabl><attalias Sync="TRUE">densidad_1</attalias><attrtype Sync="TRUE">SmallInteger</attrtype><attwidth Sync="TRUE">4</attwidth><atprecis Sync="TRUE">4</atprecis><attscale Sync="TRUE">0</attscale></attr><attr><attrlabl Sync="TRUE">Name_1</attrlabl><attalias Sync="TRUE">Name_1</attalias><attrtype Sync="TRUE">String</attrtype><attwidth Sync="TRUE">60</attwidth><atprecis Sync="TRUE">0</atprecis><attscale Sync="TRUE">0</attscale></attr><attr><attrlabl Sync="TRUE">RUTA_1</attrlabl><attalias Sync="TRUE">RUTA_1</attalias><attrtype Sync="TRUE">String</attrtype><attwidth Sync="TRUE">50</attwidth><atprecis Sync="TRUE">0</atprecis><attscale Sync="TRUE">0</attscale></attr><attr><attrlabl Sync="TRUE">ADICIONA_1</attrlabl><attalias Sync="TRUE">ADICIONA_1</attalias><attrtype Sync="TRUE">String</attrtype><attwidth Sync="TRUE">50</attwidth><atprecis Sync="TRUE">0</atprecis><attscale Sync="TRUE">0</attscale></attr><attr><attrlabl Sync="TRUE">Agencia_1</attrlabl><attalias Sync="TRUE">Agencia_1</attalias><attrtype Sync="TRUE">String</attrtype><attwidth Sync="TRUE">50</attwidth><atprecis Sync="TRUE">0</atprecis><attscale Sync="TRUE">0</attscale></attr><attr><attrlabl Sync="TRUE">Direcció_1</attrlabl><attalias Sync="TRUE">Direcció_1</attalias><attrtype Sync="TRUE">String</attrtype><attwidth Sync="TRUE">50</attwidth><atprecis Sync="TRUE">0</atprecis><attscale Sync="TRUE">0</attscale></attr><attr><attrlabl Sync="TRUE">gmu1</attrlabl><attalias Sync="TRUE">gmu1</attalias><attrtype Sync="TRUE">String</attrtype><attwidth Sync="TRUE">50</attwidth><atprecis Sync="TRUE">0</atprecis><attscale Sync="TRUE">0</attscale></attr><attr><attrlabl Sync="TRUE">NSE_1</attrlabl><attalias Sync="TRUE">NSE_1</attalias><attrtype Sync="TRUE">String</attrtype><attwidth Sync="TRUE">50</attwidth><atprecis Sync="TRUE">0</atprecis><attscale Sync="TRUE">0</attscale></attr><attr><attrlabl Sync="TRUE">pob1_1</attrlabl><attalias Sync="TRUE">pob1_1</attalias><attrtype Sync="TRUE">Integer</attrtype><attwidth Sync="TRUE">9</attwidth><atprecis Sync="TRUE">9</atprecis><attscale Sync="TRUE">0</attscale></attr><attr><attrlabl Sync="TRUE">eco4_r_1</attrlabl><attalias Sync="TRUE">eco4_r_1</attalias><attrtype Sync="TRUE">Integer</attrtype><attwidth Sync="TRUE">9</attwidth><atprecis Sync="TRUE">9</atprecis><attscale Sync="TRUE">0</attscale></attr><attr><attrlabl Sync="TRUE">eco25_r_1</attrlabl><attalias Sync="TRUE">eco25_r_1</attalias><attrtype Sync="TRUE">SmallInteger</attrtype><attwidth Sync="TRUE">4</attwidth><atprecis Sync="TRUE">4</atprecis><attscale Sync="TRUE">0</attscale></attr><attr><attrlabl Sync="TRUE">disc_r</attrlabl><attalias Sync="TRUE">disc_r</attalias><attrtype Sync="TRUE">SmallInteger</attrtype><attwidth Sync="TRUE">4</attwidth><atprecis Sync="TRUE">4</atprecis><attscale Sync="TRUE">0</attscale></attr><attr><attrlabl Sync="TRUE">viv28_r_1</attrlabl><attalias Sync="TRUE">viv28_r_1</attalias><attrtype Sync="TRUE">SmallInteger</attrtype><attwidth Sync="TRUE">4</attwidth><atprecis Sync="TRUE">4</atprecis><attscale Sync="TRUE">0</attscale></attr><attr><attrlabl Sync="TRUE">viv1_r_1</attrlabl><attalias Sync="TRUE">viv1_r_1</attalias><attrtype Sync="TRUE">SmallInteger</attrtype><attwidth Sync="TRUE">4</attwidth><atprecis Sync="TRUE">4</atprecis><attscale Sync="TRUE">0</attscale></attr><attr><attrlabl Sync="TRUE">empleo_r_1</attrlabl><attalias Sync="TRUE">empleo_r_1</attalias><attrtype Sync="TRUE">SmallInteger</attrtype><attwidth Sync="TRUE">4</attwidth><atprecis Sync="TRUE">4</atprecis><attscale Sync="TRUE">0</attscale></attr></detailed></eainfo><mdDateSt Sync="TRUE">20140424</mdDateSt></metadata>
