<?xml version="1.0" encoding="UTF-8"?>
<metadata xml:lang="es"><Esri><CreaDate>20150401</CreaDate><CreaTime>11203200</CreaTime><ArcGISFormat>1.0</ArcGISFormat><SyncOnce>TRUE</SyncOnce><DataProperties><lineage><Process ToolSource="c:\program files (x86)\arcgis\desktop10.1\ArcToolbox\Toolboxes\Data Management Tools.tbx\CalculateField" Date="20150401" Time="112032">CalculateField metrobus_trazo Nombre "Metrobús Línea 6" VB #</Process><Process ToolSource="c:\program files (x86)\arcgis\desktop10.1\ArcToolbox\Toolboxes\Data Management Tools.tbx\CalculateField" Date="20150401" Time="112058">CalculateField metrobus_trazo RUTA "Metrobús Línea 6" VB #</Process><Process ToolSource="c:\program files (x86)\arcgis\desktop10.1\ArcToolbox\Toolboxes\Data Management Tools.tbx\CalculateField" Date="20150401" Time="112114">CalculateField metrobus_trazo Agency "Metrobús" VB #</Process></lineage></DataProperties></Esri></metadata>
